,SOC 2018 CODE,OCCUPATION,OCC_CODE,TOT_EMP,H_MEAN,A_MEAN,O_GROUP,I_GROUP,"Percent of workers, exposed to outdoors","Percent of workers, reaching at or below the shoulder is required","Percent of workers, choice of sitting or standing is allowed","Percent of workers, low postures are required","Percent of workers, with the ability to pause work","Percent of workers, exposed to wetness","Percent of workers, kneeling is not required","Percent of workers, crouching is not required","Percent of workers, reaching at or below the shoulder is required, both hands","Percent of workers, reaching overhead is required","Percent of workers, fine manipulation is required, both hands","Percent of workers, stooping is required","Percent of workers, fine manipulation is required, one hand","Percent of workers, reaching overhead is required, one hand","Percent of workers, reaching overhead is required, both hands","Percent of workers, foot or leg controls is required","Percent of day where standing is required, mean","Hours of standing, mean","Percent of day where sitting is required, mean","Percent of workers, problem solving is required once per day","Hours of sitting, mean","Percent of workers, problem solving is required less often than monthly, including never","Percent of workers, choice of sitting or standing is not allowed","Percent of workers, crawling is required",dots,n
0,412031,Retail salespersons,412031,3684740,17.64,36690,detailed,cross-industry,33.7,92.5,10.1,83.1,35.9,12.8,42.3,23.8,87.4,76.9,76.4,20.9,<30,7.4,69.6,12,87.2,5.28,12.8,<0.5,0.96,94.2,89.9,<0.5,74,0
1,353023,Fast food and counter workers,353023,3676580,14.48,30110,detailed,cross-industry,48.9,97.3,<0.5,85.7,12.6,92.3,48.3,34.7,89.3,73.9,78.1,19.8,<30,15.9,58,1.5,98.4,5.67,1.6,<0.5,0.11,99.1,>99.5,<0.5,74,1
2,111021,General and operations managers,111021,3507810,62.18,129330,detailed,cross-industry,29.8,48.2,86.7,18.7,97.6,3.8,88.6,86.2,43,8.6,<50,5.8,55.3,1,7.5,44.7,32.1,2.69,67.9,23.1,5.57,1.1,13.3,0.6,71,2
3,412011,Cashiers,412011,3298660,14.77,30710,detailed,cross-industry,23.1,97.7,4.4,73.8,4.4,48.9,59.6,47.8,90.6,38.5,80.7,22.4,<25,8.3,30.2,0.8,94.2,5.57,5.8,<0.5,0.38,>99.5,95.6,<0.5,66,3
4,291141,Registered nurses,291141,3175390,45.42,94480,detailed,cross-industry,2.9,93.3,19.4,84.4,29.4,88.4,47.1,30.2,88.8,69.8,82,28.2,18,9.4,60.4,37.2,69.3,6.23,30.7,,2.66,,80.6,<0.5,64,4
5,537062,"Laborers and freight, stock, and material movers, hand",537062,3008300,19.12,39760,detailed,cross-industry,36.6,>95,1.5,93.4,24.5,14.2,47,20,98,66.8,47,36.4,36.6,0.9,65.9,36.6,92.7,7.03,7.3,<0.5,0.57,98.5,98.5,7.1,61,5
6,537065,Stockers and order fillers,537065,2872680,18.27,37990,detailed,cross-industry,34.2,97.5,5.5,95.2,32.2,12.9,22.8,10.7,96,67.8,75.1,37.5,22.3,1.3,66.5,28.1,91.8,6.59,8.2,<0.5,0.64,98.9,94.5,1.2,58,6
7,434051,Customer service representatives,434051,2858710,20.92,43520,detailed,cross-industry,3.1,40.8,71.5,10.9,52.7,1.5,94.5,93,32.6,4.9,40.6,4,55.6,<0.5,<10,1.8,16,1.1,84,3.9,6.66,83.2,28.5,<0.5,58,7
8,439061,"Office clerks, general",439061,2496370,20.94,43560,detailed,cross-industry,4.3,60.6,90.2,23.9,78.5,2,87.3,82.4,47.6,14.1,,3.8,50.9,5.5,8.6,7.8,13.3,1,86.7,<0.5,6.49,83.6,9.8,<0.5,50,8
9,353031,Waiters and waitresses,353031,2237850,17.56,36530,detailed,cross-industry,28,95.8,<0.5,62.9,24.9,92.7,68.9,61.2,88.6,45.2,56.9,19.6,41.8,10.2,35,<0.5,97.4,6.03,2.6,<0.5,0.17,>99.5,>99.5,<0.5,45,9
10,372011,"Janitors and cleaners, except maids and housekeeping cleaners",372011,2172500,17.43,36250,detailed,cross-industry,77,98.4,6.4,98.5,77.5,83.6,15,13.7,90.3,92,68.9,29.6,29.9,19.1,72.9,30.8,94.5,6.5,5.5,<0.5,0.38,99.3,93.6,2.5,44,10
11,533032,Heavy and tractor-trailer truck drivers,533032,2044400,26.92,55990,detailed,cross-industry,91.9,85.8,2.4,77.2,45.7,14.2,43.7,30.7,77,55,<50,19.5,55.6,10.1,44.9,>99.5,23.4,2.09,76.6,2.5,6.87,92.8,97.6,4.2,41,11
12,436014,"Secretaries and administrative assistants, except legal, medical, and executive",436014,1785430,21.87,45490,detailed,cross-industry,4.5,59.6,94.1,19.4,84.5,0.8,90.2,88.3,42.5,10.2,,4,54.8,2.6,7.5,10.2,13.4,1.04,86.6,0.6,6.69,84.4,5.9,<0.5,36,12
13,151252,Software developers,151252,1656880,66.4,138110,detailed,cross-industry,<0.5,27,98.2,0.9,>99.5,<0.5,99.1,99.1,18.4,<0.5,37.8,<0.5,58.6,<0.5,<0.5,2.1,6.3,0.5,93.7,19.8,7.46,5,1.8,<0.5,34,13
14,431011,First-line supervisors of office and administrative support workers,431011,1504570,32.99,68620,detailed,cross-industry,4.1,44.7,95.6,11,93.4,2,94.9,93.3,33.5,11.6,<50,2,57,2.6,9,11.4,19.7,1.61,80.3,24.4,6.44,8.5,4.4,<0.5,31,14
15,499071,"Maintenance and repair workers, general",499071,1503150,23.87,49650,detailed,cross-industry,88.7,>99.5,21.4,98.9,79.2,69.1,5,4.9,99.1,98.4,82.2,27.5,<25,5.4,92.9,61,84.7,6.72,15.3,7,1.23,50,78.6,17.6,31,15
16,433031,"Bookkeeping, accounting, and auditing clerks",433031,1501910,23.84,49580,detailed,cross-industry,1.2,47.4,96.9,12.1,96.3,<0.5,93.8,91.6,36.6,9.3,<50,3,56.9,3.3,6,8.4,9.4,0.73,90.6,4.5,6.97,67.6,3.1,<0.5,31,16
17,132011,Accountants and auditors,132011,1435770,43.65,90780,detailed,cross-industry,0.8,45.2,>99.5,11,>99.5,<0.5,93.5,91.9,33.1,4.6,46.1,2.2,53.3,2.1,2.5,14.8,8.2,0.66,91.8,,7.32,,<0.5,<0.5,29,17
18,352014,"Cooks, restaurant",352014,1412350,17.34,36060,detailed,cross-industry,17.1,97,<0.5,85.2,16.7,>90,56.9,35.2,93.2,78.9,79.1,26.6,19.7,19.2,59.7,0.9,98.1,7.02,1.9,<0.5,0.14,99.3,>99.5,<0.5,29,18
19,252021,"Elementary school teachers, except special education",252021,1410070,*,70740,detailed,cross-industry,60.3,78.4,66.9,65.4,20,8.2,54,46.1,60.3,33.7,52.2,8.8,<50,10.7,22.9,0.8,66.4,4.99,33.6,20.4,2.53,9.8,33.1,<0.5,29,19
20,311131,Nursing assistants,311131,1351760,19.04,39610,detailed,cross-industry,17.8,97.1,11,98.2,27,,23.8,10,96.5,68,81.9,28.8,18.1,4.5,63.6,32.4,84.1,7,15.9,1.1,1.33,94.3,89,<10,28,20
21,414012,"Sales representatives, wholesale and manufacturing, except technical and scientific products",414012,1288920,38.7,80490,detailed,cross-industry,30.1,59.6,72.5,26.6,89.7,3.6,79.9,77.8,52.3,21.3,50.1,6.5,49.9,1.1,20.2,80,33.3,2.68,66.7,11.6,5.39,37.4,27.5,<0.5,26,21
22,339032,Security guards,339032,1202940,19.44,40440,detailed,cross-industry,90.4,75.1,7.5,49.2,10.2,0.6,66.2,65.2,46.9,18.2,,23.2,50.8,1.1,17.1,38.2,58.3,4.44,41.7,<0.5,3.23,96.3,92.5,<0.5,25,22
23,351012,First-line supervisors of food preparation and serving workers,351012,1176540,20.82,43310,detailed,cross-industry,29.2,90.4,16.6,72.9,63.3,75.7,62.2,47.7,85.1,68.9,70.9,21.5,,11.9,57,11.2,85.6,6.87,14.4,10.8,1.18,30.1,83.4,<0.5,24,23
24,413091,"Sales representatives of services, except advertising, insurance, financial services, and travel",413091,1142020,38.98,81080,detailed,cross-industry,17.4,31.7,81.9,16.2,88.7,<0.5,89.6,87.8,25.9,11.4,,2.5,53.8,3.1,8.2,56,24.4,1.94,75.6,6.2,6.08,37.6,18.1,<0.5,23,24
25,131199,"Business operations specialists, all other",131199,1103440,42.85,89130,detailed,cross-industry,4.2,53.3,>80,16,>99.5,1.7,91.2,89.1,30.1,1,31.7,<0.5,68.3,<0.5,1,11.2,17.4,1.41,82.6,,6.58,,<20,<0.5,23,25
26,411011,First-line supervisors of retail sales workers,411011,1087890,25.01,52030,detailed,cross-industry,38.3,86.9,43.7,75.9,71.9,20.7,50.1,31.3,82.2,64,64.7,25.6,<40,7.1,56.9,23,73.3,6,26.7,,2.2,,56.3,<0.5,22,26
27,252031,"Secondary school teachers, except special and career/technical education",252031,1045170,*,73800,detailed,cross-industry,24.3,70.8,73.4,29.1,44.2,6.1,83.1,79.1,54.4,32.3,51,4.7,49,12.3,20,1.6,65.1,4.91,34.9,20,2.62,8.3,26.6,<0.5,21,27
28,472061,Construction laborers,472061,1019090,23.69,49280,detailed,cross-industry,>99.5,>99.5,<0.5,98.5,44.7,47.7,10,7.9,>99.5,80.2,76.9,39.9,18.6,<0.5,79.8,36,92.5,7.64,7.5,<5,0.62,97,>99.5,8.7,21,28
29,533033,Light truck drivers,533033,1003960,22.16,46090,detailed,cross-industry,90.8,97.5,0.6,93.7,24.4,5.2,28.1,14.2,96.4,83.5,72.5,11.3,27.5,3.7,79.8,>99.5,46,3.65,54,<0.5,4.28,97.9,99.4,<5,21,29
30,434171,Receptionists and information clerks,434171,1003820,17.59,36590,detailed,cross-industry,2.9,61.6,73.8,19.2,46.1,11.1,89.2,87.5,40.7,16.3,<45,5,59.9,5.6,10.7,3.7,19.7,1.34,80.3,<0.5,5.95,97.8,26.2,<0.5,21,30
31,131082,Project management specialists,131082,947630,50.44,104920,detailed,cross-industry,26.5,28.3,92.7,7.1,>95,2.8,96.6,93.6,21.7,4.6,37.3,1.4,62.7,0.7,3.8,36.9,14.4,1.16,85.6,,6.83,,7.3,<0.5,19,31
32,373011,Landscaping and groundskeeping workers,373011,929930,19.13,39790,detailed,cross-industry,>99.5,98.1,4.4,98.7,66.4,71.1,6.5,5.4,97.7,83.2,65.4,24.9,,2.8,80.4,81.3,79.7,6.24,20.3,1.1,1.53,96,95.6,5.9,19,32
33,131071,Human resources specialists,131071,895970,36.57,76060,detailed,cross-industry,1.6,37.7,98.9,5.3,95.7,0.9,97,95.6,27.4,2.9,<50,<0.5,55.5,1.1,1.8,11.2,10.5,0.84,89.5,18.4,7.17,19.7,1.1,<0.5,18,33
34,352021,Food preparation workers,352021,879610,15.85,32960,detailed,cross-industry,22.1,97.7,1.3,88.3,20.3,93.5,55.7,36,90.8,76.6,84.4,20.1,<25,12.1,64.5,2.3,98.6,5.78,1.4,<0.5,0.09,98,98.7,<0.5,18,34
35,131161,Market research analysts and marketing specialists,131161,846370,40,83190,detailed,cross-industry,8.6,33.7,>95,6.5,>95,<0.5,95.4,95.3,25.3,2,40.4,1.4,58.6,<5,<5,22,14.9,1.19,85.1,18.1,6.76,20.5,<5,<0.5,17,35
36,435071,"Shipping, receiving, and inventory clerks",435071,844120,20.54,42730,detailed,cross-industry,26.5,90.7,35.3,76.6,58.2,4.7,58.6,48.5,90,66.9,65.8,29.4,,0.9,66,33.4,69,5.48,31,<5,2.5,93,64.7,<0.5,17,36
37,131111,Management analysts,131111,838140,55.54,115530,detailed,cross-industry,2.9,33,>99.5,1.7,99.1,<5,98.8,98.4,22,1.5,34.3,<0.5,65.7,<0.5,<5,14.3,12.2,0.98,87.8,,6.89,,<0.5,<0.5,17,37
38,372012,Maids and housekeeping cleaners,372012,836230,16.66,34650,detailed,cross-industry,36.2,98.8,2.4,>99.5,75.2,82.3,21.1,15.7,92,92,70,<40,27.5,25,67,20,95.7,6.88,4.3,<0.5,0.29,>99.5,97.6,4.4,17,38
39,113031,Financial managers,113031,787340,84.05,174820,detailed,cross-industry,1.2,44.7,93.5,6.3,>99.5,<0.5,97.6,95.7,33.8,5.4,,<0.5,55.7,<0.5,4.9,15.3,12.6,1.02,87.4,24.8,7.07,1.7,6.5,<0.5,16,39
40,537051,Industrial truck and tractor operators,537051,778920,21.98,45720,detailed,cross-industry,37.8,89.6,2.7,76.1,44.7,8.8,53,41.5,87.4,49.4,55.3,24.1,43.6,1.2,48.2,97.5,51.9,4.28,48.1,<0.5,3.98,99.2,97.3,<5,16,40
41,471011,First-line supervisors of construction trades and extraction workers,471011,777420,39.11,81340,detailed,cross-industry,88.7,84.5,39.7,78.1,79.2,27.5,26.4,29.7,81.3,57.7,62.6,34.3,37.4,3.5,54.2,83.5,69.3,6.11,30.7,33.5,2.65,6.5,60.3,15.8,16,41
42,319092,Medical assistants,319092,763040,20.84,43350,detailed,cross-industry,2,90.1,28.6,66.6,42.4,,62.5,46.2,85.4,58.4,83.2,18.1,16.8,17.6,40.7,19.9,62.8,4.95,37.2,1.2,2.89,84.9,71.4,<0.5,16,42
43,436013,Medical secretaries and administrative assistants,436013,749500,20.85,43380,detailed,cross-industry,<5,57.9,79.8,16.9,52.5,9.3,93.7,90.8,31,19.2,<50,1.7,57.4,4.3,15,2.7,13.9,1.06,86.1,3.5,6.67,89.8,20.2,<0.5,15,43
44,231011,Lawyers,231011,731340,84.84,176470,detailed,cross-industry,2.5,43.7,86.1,4.1,94.8,<0.5,>99.5,96.7,31.4,7.9,45.9,<0.5,54.1,1.9,6,54.6,17.6,1.48,82.4,25.4,6.87,<0.5,13.9,<0.5,15,44
45,472111,Electricians,472111,712580,32.6,67810,detailed,cross-industry,94.4,>95,9.7,99,74.3,<25,3.7,3.8,99.1,96.9,94.6,43.4,5.4,<0.5,96.9,50.2,90.3,7.34,9.7,21.2,0.79,36.1,90.3,34.9,15,45
46,353011,Bartenders,353011,711140,17.83,37090,detailed,cross-industry,30.9,>85,<0.5,85.8,26.9,95,62.7,33.9,88.9,69.4,73.7,27.1,26.3,38.7,30.8,0.7,98.4,6.46,1.6,<0.5,0.11,95.8,>99.5,<0.5,15,46
47,472031,Carpenters,472031,700290,29.31,60970,detailed,cross-industry,95.3,>99.5,14.2,>99.5,75.2,27.2,2.5,7.1,>99.5,95.3,89,36.7,11,<0.5,>90,44.2,92.4,7.43,7.6,13.2,0.58,67,85.8,23.7,15,47
48,151232,Computer user support specialists,151232,689700,30.6,63640,detailed,cross-industry,2.7,62.9,78.4,50.4,84.1,<0.5,54.1,56.1,52.5,26.8,62.4,6.9,35.3,4.1,22.7,22.2,18.2,1.44,81.8,14.8,6.51,19.7,21.6,6.3,14,48
49,493023,Automotive service technicians and mechanics,493023,676570,24.97,51940,detailed,cross-industry,74.4,>99.5,10.1,97.5,67.4,69.8,10.5,5.9,99.4,95.9,88.4,39.7,11.6,<0.5,>90,94.6,89.9,7.14,10.1,14.6,0.79,55.9,89.9,12.8,14,49
50,352011,"Cooks, fast food",352011,673490,14.31,29760,detailed,cross-industry,27.9,96.1,<0.5,79.9,21,85.1,50.7,32.9,91.7,73.4,80.4,28.1,<25,18.2,55.2,4.8,98.5,6.42,1.5,<0.5,0.08,99.5,>99.5,<0.5,14,50
51,511011,First-line supervisors of production and operating workers,511011,671160,34.48,71730,detailed,cross-industry,15.2,70.3,58,49.8,83.6,15.9,63.6,57.6,64.2,26.2,52.1,15.8,46.7,2.4,23.8,21.6,69.8,6.02,30.2,23.9,2.6,10.9,42,2.2,14,51
52,333051,Police and sheriff's patrol officers,333051,646310,36.8,76550,detailed,cross-industry,99.4,98,2.4,98.1,11.9,29.2,10,5.9,96.1,86.6,74.4,44.9,25.6,4.1,82.6,>99.5,44.3,4.06,55.7,10.3,5.18,14.1,97.6,35.1,13,52
53,537064,"Packers and packagers, hand",537064,645210,17.05,35450,detailed,cross-industry,26.1,95.8,2.3,69.4,13.1,36.1,65,39.8,>85,45.7,63.1,12.3,19.8,<5,,2.5,95.9,7,4.1,<0.5,0.32,>99.5,97.7,<0.5,13,53
54,292061,Licensed practical and licensed vocational nurses,292061,630250,29.23,60790,detailed,cross-industry,16.4,91.9,12.8,87.1,33.7,,45.5,28.2,89.9,61.9,76.8,24.7,23.2,6.9,55,34.3,69.9,6.02,30.1,6.6,2.53,56.1,87.2,<0.5,13,54
55,252022,"Middle school teachers, except special and career/technical education",252022,626690,*,71460,detailed,cross-industry,36.8,74.1,73.5,41.4,28.9,4.3,75.4,67.9,58.2,36.9,50.4,6.7,49.6,12,24.9,0.7,66.1,5.02,33.9,22.6,2.57,8.6,26.5,<0.5,13,55
56,113021,Computer and information systems managers,113021,592600,86.88,180720,detailed,cross-industry,<0.5,45.7,99,11.4,>99.5,<0.5,91.1,89.9,29.6,5.8,,3.8,62.8,1.2,4.7,,12,0.96,88,23.4,7.08,<5,1,<0.5,12,56
57,491011,"First-line supervisors of mechanics, installers, and repairers",491011,589880,37.99,79020,detailed,cross-industry,76,82.9,46.3,81.5,84.1,24.6,32.2,27.4,80.1,62,71.6,30.7,28.4,2.3,59.7,74.5,63.9,5.26,36.1,,2.99,,53.7,17.3,12,57
58,119199,"Managers, all other",119199,589750,70.35,146320,detailed,cross-industry,25.4,56.3,94.3,16.8,99,4.8,89.3,88,50.6,8.5,47.9,5.3,52.1,2.1,6.4,50.3,18.8,1.49,81.2,13.4,6.28,3,5.7,<5,12,58
59,519061,"Inspectors, testers, sorters, samplers, and weighers",519061,584630,23.68,49260,detailed,cross-industry,5,76.5,30.1,46.8,56.6,19.4,68,64.6,75.2,27.6,78.2,13.2,18.4,3.6,24.1,6,66,5.56,34,3.3,2.8,81,69.9,0.8,12,59
60,112022,Sales managers,112022,575880,75.77,157610,detailed,cross-industry,15.1,40.1,93.2,5.3,97.3,1.2,97.6,96.7,29.9,5.2,<45,2.8,63.8,<5,<10,56.7,22.4,1.83,77.6,29.1,6.33,6.3,6.8,<0.5,12,60
61,119111,Medical and health services managers,119111,515100,64.64,134440,detailed,cross-industry,1.9,55.8,89.2,15.9,92.2,23.2,88.2,86.2,44.9,18.8,56,3.9,,4.8,14,31.7,29.8,2.4,70.2,27.3,5.64,1.2,10.8,<0.5,11,61
62,151211,Computer systems analysts,151211,498810,53.27,110800,detailed,cross-industry,<0.5,28.9,97.3,10.6,>99.5,<0.5,94.1,93.5,18.9,3.1,,<0.5,64.5,<0.5,3,3,10.1,0.79,89.9,,7.12,,2.7,<0.5,10,62
63,399011,Childcare workers,399011,497450,15.42,32070,detailed,cross-industry,86.4,87.9,34.9,89.6,17.8,75.2,21.1,19.7,86.6,49.1,47.3,19.8,51.8,7.9,41.2,1.8,69.1,4.57,30.9,<0.5,2.12,85,65.1,<0.5,10,63
64,436011,Executive secretaries and executive administrative assistants,436011,483570,35.42,73680,detailed,cross-industry,1.7,50.3,96.5,12,88.7,<0.5,93.3,91.1,36.2,7.6,<45,1.2,61.7,1.5,6.1,8.3,13.1,1.04,86.9,,6.89,,3.5,<0.5,10,64
65,359011,Dining room and cafeteria attendants and bartender helpers,359011,483390,15.74,32730,detailed,cross-industry,30.7,99.1,<0.5,91.8,22.3,96.3,59.2,36.4,93.8,51.7,63.7,24.6,25.4,8.3,43.4,<0.5,98.7,6.22,1.3,<0.5,0.09,>99.5,>99.5,<0.5,10,65
66,413031,"Securities, commodities, and financial services sales agents",413031,479630,52.75,109710,detailed,cross-industry,<0.5,28.5,97.2,<0.5,,<0.5,>99.5,>99.5,22,,,<0.5,62.7,,,8.6,,,,,,,2.8,<0.5,10,66
67,359021,Dishwashers,359021,463940,15.22,31650,detailed,cross-industry,33.9,98,<0.5,78.2,27.9,98.1,58.8,43.3,95.5,72.1,67,18,24.1,7,65.1,<5,98.7,6.63,1.3,<0.5,0.1,>99.5,>99.5,<0.5,10,67
68,533031,Driver/sales workers,533031,463120,18.38,38230,detailed,cross-industry,72,>95,7,67.1,41.6,50.2,64.4,53.4,94.1,57.5,60.5,23.1,39.5,0.5,56.9,>99.5,50.9,3.37,49.1,<0.5,3.19,98.5,93,<0.5,10,68
69,292052,Pharmacy technicians,292052,460280,20.83,43330,detailed,cross-industry,<5,94.9,16.3,87.4,28.9,34.7,67.7,36.5,92.1,88.7,95.2,25.2,4.8,5.6,83.1,4.4,89,6.43,11,<0.5,0.83,95.5,83.7,<0.5,10,69
70,413021,Insurance sales agents,413021,457510,38.32,79700,detailed,cross-industry,15.5,35.5,97.2,<10,97.3,<0.5,99.1,96.3,27.5,<5,34.3,<0.5,65.7,<0.5,<5,36.1,9.1,0.72,90.9,22.4,7.33,38.6,2.8,<0.5,10,70
71,472073,Operating engineers and other construction equipment operators,472073,450370,29.89,62180,detailed,cross-industry,>99.5,76.9,21.6,73.2,55.3,43.5,39.5,34.1,75.6,58.9,74.9,22.1,,5.8,53.1,>99.5,24.7,2.06,75.3,20.6,6.45,63.3,78.4,10.2,10,71
72,253031,"Substitute teachers, short-term",253031,444530,20.95,43570,detailed,cross-industry,67.8,68.5,56.6,48.9,11.9,3.6,56.9,57.4,35.5,36.4,37.7,8.7,62.3,,,2.9,65.4,4.59,34.6,1.9,2.46,69.8,43.4,<0.5,9,72
73,151299,"Computer occupations, all other",151299,437170,54.05,112430,detailed,cross-industry,13.3,47.4,99,13.9,>85,<0.5,89.2,89,24.2,8.2,37,5.2,63,<0.5,<15,12.4,15.3,1.22,84.7,18.5,6.76,15.9,1,<10,9,73
74,472152,"Plumbers, pipefitters, and steamfitters",472152,436160,32.62,67840,detailed,cross-industry,88.3,>95,6.4,>99.5,49.8,62.6,<0.5,2.6,98.2,92.7,83.1,<30,,<10,>75,68.7,84.1,7.09,15.9,12.9,1.34,44.6,93.6,25,9,74
75,352012,"Cooks, institution and cafeteria",352012,435640,17.27,35920,detailed,cross-industry,15.4,98.5,1.7,87.9,33.8,98.8,52.9,27.8,96,81.5,75.1,26,,7.8,73.7,6.3,94.9,6.94,5.1,<0.5,0.38,95.5,98.3,<0.5,9,75
76,252011,"Preschool teachers, except special education",252011,430240,19.91,41410,detailed,cross-industry,91.9,83.4,40.6,97.1,19.2,69.8,12.9,7.5,80.4,52.5,82.5,23.6,17.5,9.5,43,4.9,68.9,5.26,31.1,21.2,2.36,30.6,59.4,,9,76
77,433021,Billing and posting clerks,433021,430220,22.66,47120,detailed,cross-industry,<0.5,40.3,94.3,8.7,97,1.6,92,92,31,5.5,,<0.5,54.1,0.7,4.8,1.5,9.2,0.7,90.8,5.5,6.99,71.7,5.7,<0.5,9,77
78,359031,"Hosts and hostesses, restaurant, lounge, and coffee shop",359031,425020,14.78,30750,detailed,cross-industry,17.7,86.5,<0.5,37.5,12.8,58.8,80,76.8,77,16.1,43.8,16.6,55.2,,,<0.5,98.9,5.58,1.1,<0.5,0.07,>99.5,>99.5,<0.5,9,78
79,514121,"Welders, cutters, solderers, and brazers",514121,421730,25.31,52640,detailed,cross-industry,38.7,95.1,4.2,92.5,49.7,15,28.1,24.3,>90,74.3,77.9,35.1,<30,3.8,70.5,34.8,88.7,7.29,11.3,1.9,0.95,72.1,95.8,11.7,9,79
80,499041,Industrial machinery mechanics,499041,412650,30.62,63690,detailed,cross-industry,48.8,96,10,93,58.6,51.2,13.7,14.2,94.9,87,93.7,34.1,6.3,1.9,85.1,49.2,84.7,7.11,15.3,13.2,1.28,32.1,90,22.9,9,80
81,211093,Social and human service assistants,211093,409310,21.27,44240,detailed,cross-industry,42.2,70.9,68.5,47.1,79.2,23,69.2,58,60.9,38.6,57,1.7,,3.7,34.9,70.4,32.7,2.56,67.3,16.7,5.17,35.3,31.5,<0.5,9,81
82,131151,Training and development specialists,131151,403480,34.6,71980,detailed,cross-industry,6.2,40.5,85.4,21.6,91.3,6.4,83.2,80.9,35.2,18.1,58.1,7.7,,4,14.2,20.3,37.4,2.82,62.6,12.6,4.83,27.8,14.6,1.3,9,82
83,499021,"Heating, air conditioning, and refrigeration mechanics and installers",499021,397450,28.66,59620,detailed,cross-industry,96.9,>99.5,12.3,>99.5,79.1,61.2,<10,<10,>99.5,>99.5,88,<40,12,<0.5,>99.5,87.7,77.5,6.24,22.5,19.5,1.81,31.7,87.7,37,8,83
84,435061,"Production, planning, and expediting clerks",435061,393980,27.7,57610,detailed,cross-industry,14.2,53.1,78.9,20.8,94,2.2,87.4,81,38.9,21.8,,4.1,63.1,5.7,16,18,27.3,2.19,72.7,12.9,5.83,58.9,21.1,<5,8,84
85,412021,Counter and rental clerks,412021,390300,20.02,41630,detailed,cross-industry,52.1,77.9,23.6,57.5,35.7,19.4,68.8,61.1,70,54.7,59.5,22,40.5,7.8,46.9,27.8,65.1,4.53,34.9,1.2,2.67,95,76.4,<0.5,8,85
86,131041,Compliance officers,131041,383620,38.55,80190,detailed,cross-industry,26,45.3,87.1,20.5,98.1,12,83.6,82.9,29.2,12.9,<45,5.5,62.4,2.2,10.7,36.8,,,,,,,12.9,3.9,8,86
87,519111,Packaging and filling machine operators and tenders,519111,371600,19.81,41200,detailed,cross-industry,2,82.6,<0.5,83.9,17.2,38.2,39.7,27.2,82.2,34,82.7,19.6,10.2,6.1,27.9,19,92.7,7.7,7.3,<0.5,0.6,97.4,>99.5,,8,87
88,533051,"Bus drivers, school",533051,371530,21.74,45210,detailed,cross-industry,84.1,92.1,<0.5,75.8,<0.5,17.2,50,31.8,68.7,43.7,41.6,6.3,56.3,14.5,29.2,>99.5,11.8,0.68,88.2,<0.5,5.02,>99.5,>99.5,<0.5,8,88
89,319091,Dental assistants,319091,370690,22.77,47350,detailed,cross-industry,<0.5,81.6,23.3,31.1,32.9,,87.6,81.8,74.7,59.2,90.3,11.8,9.7,20.8,38.3,44.6,49,3.86,51,<0.5,4.03,94.6,76.7,<0.5,8,89
90,112021,Marketing managers,112021,368940,80,166410,detailed,cross-industry,2.1,45.2,>99.5,3.8,>99.5,<0.5,96.8,96.4,32.7,2.6,,<0.5,53.4,1.8,0.8,31.5,13.6,1.09,86.4,39.1,6.89,0.9,<0.5,<0.5,8,90
91,537061,Cleaners of vehicles and equipment,537061,365290,16.95,35250,detailed,cross-industry,82.9,>99.5,5.3,>99.5,46.9,87.8,17.8,7.5,92.5,71.6,66.2,,24.8,6.9,64.7,73.7,89.7,6.41,10.3,<0.5,0.74,>99.5,94.7,3.6,8,91
92,393091,Amusement and recreation attendants,393091,361680,14.54,30240,detailed,cross-industry,68.4,94.3,8.2,72.6,32.3,69.4,42.1,40.4,68.3,36.7,49.1,18.9,49.6,6.5,30.2,31.4,75.5,4.23,24.5,<0.5,1.41,>99.5,91.8,,8,92
93,232011,Paralegals and legal assistants,232011,354890,31.95,66460,detailed,cross-industry,<0.5,43.2,89.1,10.8,>90,<0.5,94.4,92.6,24.4,5.8,,<0.5,50.5,1.4,4.4,16.6,11.8,0.93,88.2,9.7,6.84,29.8,10.9,<0.5,8,93
94,211021,"Child, family, and school social workers",211021,352160,28.46,59190,detailed,cross-industry,33.1,70.7,83.6,33.6,82.4,20.5,70.3,69.9,52.1,14.4,49.1,8.3,50.9,<0.5,13.9,66,31,2.4,69,34.5,5.34,2.3,16.4,<15,8,94
95,333012,Correctional officers and jailers,333012,351420,28.27,58810,detailed,cross-industry,84.1,97.8,1.8,97.2,4.9,44.3,15.5,12.4,96.8,81.6,70.6,46.3,29.4,3.1,78.6,56.4,74.7,6.79,25.3,4.1,2.36,60.9,98.2,21.3,8,95
96,433071,Tellers,433071,340820,18.68,38850,detailed,cross-industry,<0.5,70.8,59.8,30.3,35.6,<0.5,88.7,85.9,53,11.1,79.1,6,20.9,4.9,6.2,3,,,,<0.5,,>99.5,40.2,<0.5,7,96
97,172112,Industrial engineers,172112,332870,49.59,103150,detailed,cross-industry,2.8,43.5,84,32.5,>85,8.1,71.2,72.8,35.6,11.3,44.7,5.4,55.3,<0.5,11.1,8,31.5,2.56,68.5,29.5,5.54,3.8,16,<5,7,97
98,291051,Pharmacists,291051,331700,64.81,134790,detailed,cross-industry,<0.5,75.7,33.9,81.8,63,53.9,66.1,35.5,70.9,66.6,87.3,17.2,,7.1,59.6,6.5,72.5,5.76,27.5,,2.12,,66.1,<0.5,7,98
99,119021,Construction managers,119021,329190,56.23,116960,detailed,cross-industry,87.5,53.9,67.9,39,99,5.9,70,68.4,50.5,29.7,49.7,4.7,50.3,,,86.9,41.2,3.46,58.8,22.4,4.88,2,32.1,4.1,7,99
100,172051,Civil engineers,172051,327950,48.64,101160,detailed,cross-industry,78.2,46.6,82.5,34.1,>95,8.5,70.4,66.3,42.8,13.7,49.3,5.2,50.7,<0.5,13.3,64.7,21.1,1.69,78.9,23,6.32,7.7,17.5,,7,100
101,211012,"Educational, guidance, and career counselors and advisors",211012,327660,32.21,66990,detailed,cross-industry,10.5,45.5,91,9.3,78.7,<10,94.3,92.9,33.1,3.6,41.7,1.1,58.3,1,2.7,16.2,27.2,2.08,72.8,21.6,5.53,3.5,9,<0.5,7,101
102,132051,Financial and investment analysts,132051,325220,54.3,112950,detailed,cross-industry,<0.5,31,>90,2.2,>90,<0.5,98.4,97.8,19.5,<5,<45,<5,63.8,<0.5,<5,6,9.2,0.74,90.8,19.1,7.31,9.6,<10,<0.5,7,102
103,151244,Network and computer systems administrators,151244,323020,48.36,100580,detailed,cross-industry,1.3,67.4,86.3,57.5,95.3,<0.5,51.8,46.5,56.3,32.3,54.6,8.5,44.8,2.2,30.1,13.9,21.2,1.69,78.8,22.1,6.28,6,13.7,3.5,7,103
104,132072,Loan officers,132072,321090,40.62,84490,detailed,cross-industry,5.9,22.9,96.2,<5,97.1,<0.5,>99.5,>99.5,14.8,<5,47.7,<5,,<0.5,<5,30.1,16.3,1.33,83.7,29.6,6.73,14.1,3.8,<0.5,7,104
105,332011,Firefighters,332011,315460,29.03,60390,detailed,cross-industry,>99.5,>95,<5,98.4,<0.5,96.9,2,2,99,99,86.7,60.8,13.3,0.8,98.2,95,,,,8.3,,48.7,>95,71.9,7,105
106,414011,"Sales representatives, wholesale and manufacturing, technical and scientific products",414011,311780,54.58,113520,detailed,cross-industry,15.9,35.2,81.9,11.4,95.1,<5,94.2,92.6,28.3,3.1,,5.4,51.2,<0.5,<10,76.9,24.1,1.97,75.9,20.4,6.17,11.2,18.1,<5,7,106
107,291229,"Physicians, all other",291229,310080,119.54,248640,detailed,cross-industry,<0.5,77.5,71.2,63.6,52,89.6,75.1,53.9,63.4,,97.7,,2.3,,,29.5,60.1,5.85,39.9,<20,3.51,<5,28.8,<0.5,7,107
108,119032,"Education administrators, kindergarten through secondary",119032,302580,*,111020,detailed,cross-industry,42.7,52.4,84.3,18.8,92.1,2.5,90.2,86.4,40.9,6,44.8,2.2,55.2,1.6,4.4,24.9,46.6,3.79,53.4,24.1,4.3,0.8,15.7,<0.5,7,108
109,395012,"Hairdressers, hairstylists, and cosmetologists",395012,294840,20.09,41780,detailed,cross-industry,<10,89.8,7.2,36.5,49.3,94.4,80.3,71.1,85.7,28.4,>99.5,14,<0.5,8.5,19.8,94.7,94.3,6.69,5.7,4.6,0.38,69.7,92.8,<0.5,6,109
110,131031,"Claims adjusters, examiners, and investigators",131031,293780,36.43,75770,detailed,cross-industry,20.3,30.8,92.9,13.5,90,<0.5,87,86.9,19.3,11.5,35.1,1.1,64.9,<0.5,11.5,23.7,,,,,,,7.1,,6,110
111,514041,Machinists,514041,290720,26.25,54600,detailed,cross-industry,7.5,93.8,22.4,67.6,49.4,30.4,66.4,48.3,82.2,50.5,75.3,36.1,24.7,8.4,42.1,44.8,86.8,7.48,13.2,7.7,1.09,64.9,77.6,1.7,6,111
112,493031,Bus and truck mechanics and diesel engine specialists,493031,285030,28.81,59920,detailed,cross-industry,82.6,97.3,12,98.9,82.8,74.6,4.2,5.4,>95,95.6,90.3,43.2,9.7,<0.5,>90,88,78,6.36,22,,1.8,,88,34.5,6,112
113,119141,"Property, real estate, and community association managers",119141,284120,37.69,78400,detailed,cross-industry,80.7,53.3,87.7,20,>99.5,<0.5,93.5,93.4,,10,63.7,8.6,36.3,,,68.3,24.7,1.96,75.3,8.3,5.85,11,12.3,<0.5,6,113
114,399032,Recreation workers,399032,281750,17.44,36270,detailed,cross-industry,84.5,95.8,14.3,83.2,19.4,,31.2,26.7,95.2,65.4,76,18.5,,<5,>50,19.6,77,5.27,23,1.3,1.67,84.3,85.7,<10,6,114
115,172141,Mechanical engineers,172141,281290,50.59,105220,detailed,cross-industry,8.6,38.9,96.4,14.6,98.9,1.8,88.8,88.9,34.7,10.7,40.1,3.9,59.9,1.6,9.2,19.1,19.5,1.57,80.5,22,6.51,<10,3.6,<0.5,6,115
116,291171,Nurse practitioners,291171,280140,61.78,128490,detailed,cross-industry,<0.5,87.5,41.4,64.9,51.9,86.2,57.6,51.2,81.5,59.1,91,18.1,9,11.4,47.6,12.3,59.1,4.72,40.9,20.7,3.31,5.2,58.6,<0.5,6,116
117,399031,Exercise trainers and group fitness instructors,399031,279450,24.65,51270,detailed,cross-industry,19,99.1,14.9,96.2,49.3,40.8,31.5,13.5,>95,98.5,51.4,36.9,34.6,<20,>80,20.3,82.8,3.14,17.2,<0.5,0.81,83.1,85.1,4.5,6,117
118,273031,Public relations specialists,273031,275550,37.37,77720,detailed,cross-industry,10.9,25,89.7,3.9,>99.5,<0.5,97.2,96.9,19.6,1.2,,0.8,56.1,<0.5,<5,16.7,18.8,1.49,81.2,14.2,6.34,26.2,10.3,<0.5,6,118
119,132052,Personal financial advisors,132052,272190,72.44,150670,detailed,cross-industry,<20,27.4,>65,<15,>65,<0.5,95.7,95.7,12.5,<0.5,43.4,<0.5,56.6,<0.5,<0.5,39.9,11.8,0.95,88.2,24.8,7.08,9,<35,<0.5,6,119
120,253021,Self-enrichment teachers,253021,272110,25.43,52890,detailed,cross-industry,14.6,,32.5,74.3,56.9,29.2,44,27.2,,,58.8,12.8,,,,19.3,81.1,3.18,18.9,,0.95,,67.5,5.3,6,120
121,392021,Animal caretakers,392021,268830,16.12,33530,detailed,cross-industry,38.7,99,9.8,>90,42.8,>99.5,18.7,3,99,74.5,91.2,,8.8,4,70.5,13.5,94.6,5.43,5.4,<0.5,0.41,98,90.2,3.5,6,121
122,353041,"Food servers, nonrestaurant",353041,267840,16.27,33840,detailed,cross-industry,24.1,>75,1.6,79.6,51,76.5,61.6,37.8,,63.2,67.7,17.1,32.3,3.9,59.3,4.3,95.3,6.59,4.7,<0.5,0.34,>99.5,98.4,<0.5,6,122
123,434081,"Hotel, motel, and resort desk clerks",434081,263800,15.66,32570,detailed,cross-industry,8,75.6,28.7,33.5,16.5,5.3,83.9,80.4,49.5,17.4,54,8,46,3.5,13.9,<0.5,70.5,5.29,29.5,<5,2.14,97.8,71.3,<0.5,6,123
124,412022,Parts salespersons,412022,260770,19.75,41080,detailed,cross-industry,39.5,91.5,37.3,71.8,52.1,<20,42.6,38.3,90.2,64.1,58.2,14.3,41.8,<0.5,>55,12.1,65.2,4.87,34.8,1.8,2.79,87,62.7,<10,6,124
125,119051,Food service managers,119051,246070,33.45,69580,detailed,cross-industry,22,75.6,49.1,49.4,84.4,64.8,77.9,60.1,71,50.8,66,12.8,34,5.5,45.3,21.1,74.2,6.36,25.8,18.7,2.2,7.2,50.9,<0.5,5,125
126,519199,"Production workers, all other",519199,243500,19.9,41400,detailed,cross-industry,14.5,92.8,15.5,75.9,45.7,44,31.5,,92.8,,56.6,2.9,,,,,93.7,7.3,6.3,<0.5,0.5,87.7,84.5,<5,5,126
127,113012,Administrative services managers,113012,242520,58.27,121200,detailed,cross-industry,2.6,56.2,>90,6.6,99.4,<15,97.7,94.7,35.3,10,40,<0.5,60,<0.5,9.5,20.6,15.2,1.23,84.8,48.5,6.76,1.8,<10,<0.5,5,127
128,439041,Insurance claims and policy processing clerks,439041,241650,23.81,49530,detailed,cross-industry,16.2,44.4,97.7,22.3,85.4,<0.5,82.8,82.7,33.4,<30,27,,73,<0.5,<30,16.2,9.6,0.74,90.4,<15,6.99,87.2,2.3,<0.5,5,128
129,291123,Physical therapists,291123,240820,48.29,100440,detailed,cross-industry,8.6,95,34.5,95.7,46.8,67,13.7,13.1,>85,80.9,66.7,47,33.3,4.6,76.3,40.6,73.8,5.54,26.2,20.5,2.02,17.4,65.5,9,5,129
130,272022,Coaches and scouts,272022,238980,*,58700,detailed,cross-industry,51.7,92.1,30.6,92.1,61.8,40.9,17.7,13.7,>85,71.3,61.3,15.9,,9,62.3,44.5,78.1,4.2,21.9,12.4,1.52,41,69.4,0.6,5,130
131,131081,Logisticians,131081,228470,40.69,84640,detailed,cross-industry,6.6,43,,3,>99.5,<0.5,98.4,97.5,,5.9,49.1,<5,50.9,<10,<5,13.2,,,,,,,,<0.5,5,131
132,411012,First-line supervisors of non-retail sales workers,411012,227150,47.61,99020,detailed,cross-industry,10.7,52.3,71.6,30.6,>85,<0.5,74.7,71.7,40.3,29.3,,6.6,66,,,49.2,37.5,3.05,62.5,28.5,5.07,,28.4,<0.5,5,132
133,251071,"Health specialties teachers, postsecondary",251071,225360,*,134440,detailed,cross-industry,<0.5,,81.1,37.9,,54.3,83.7,,,,50.5,11.9,,,,4.8,,,,,,,18.9,<0.5,5,133
134,113051,Industrial production managers,113051,222890,60.53,125900,detailed,cross-industry,14.2,49.1,82.7,19.6,99.5,9,85.2,82.3,39.4,8.7,<50,5.6,58.2,1.5,7.2,18.9,48,3.98,52,35,4.35,<0.5,17.3,<0.5,5,134
135,292034,Radiologic technologists and technicians,292034,221170,36.18,75250,detailed,cross-industry,<0.5,96.3,28.5,74.6,45.2,78.1,61,46.6,94.3,,82.7,25,17.3,,,,,,,,,,71.5,<5,5,135
136,131051,Cost estimators,131051,220970,38.23,79520,detailed,cross-industry,45.5,45.5,83.3,26.6,98.3,<10,77.8,75.8,28.1,17.2,,6.5,50.2,5.5,11.8,53.4,20.5,1.66,79.5,19.6,6.41,19.6,16.7,<0.5,5,136
137,513011,Bakers,513011,220230,17.09,35550,detailed,cross-industry,3.6,95.4,<0.5,85.3,25.3,84.2,55.7,48.2,>85,,92,37.8,8,,,5.3,94.7,6.68,5.3,<5,0.35,90.8,>99.5,<0.5,5,137
138,472141,"Painters, construction and maintenance",472141,215910,25.05,52110,detailed,cross-industry,84,>99.5,1.9,>99.5,74.1,61.5,0.6,0.5,98.8,95,79.3,,20.7,4.8,90.2,20.7,95.2,7.7,4.8,7.5,0.4,90.1,98.1,9.1,5,138
139,271024,Graphic designers,271024,212720,31.11,64700,detailed,cross-industry,9.7,52.1,96.8,9.7,>90,<0.5,91.2,96.3,45.3,15.6,50.1,,,,,9.8,12.3,0.98,87.7,15.4,6.95,47.1,3.2,<0.5,5,139
140,291292,Dental hygienists,291292,211630,43.21,89890,detailed,cross-industry,<0.5,71.5,26.5,26.2,39.9,,92.3,85.8,>60,56.2,98,7.9,2,25.9,30.2,79.7,27.1,2.08,72.9,2.7,5.54,73,73.5,<0.5,5,140
141,111011,Chief executives,111011,211230,124.47,258900,detailed,cross-industry,13.1,29.2,>99.5,4,>99.5,<0.5,98.3,98.2,23.8,<10,<50,<0.5,58.6,<10,<0.5,43.9,16.4,1.33,83.6,14.8,6.81,<5,<0.5,<0.5,5,141
142,119041,Architectural and engineering managers,119041,207800,82.83,172290,detailed,cross-industry,24.6,42.2,89.4,11.5,>99.5,3.3,91,91.2,29.5,3.9,32.9,3,67.1,<0.5,3.9,20.5,15.7,1.27,84.3,33.8,6.83,<0.5,10.6,<0.5,5,142
143,259031,Instructional coordinators,259031,207270,37.12,77200,detailed,cross-industry,4.8,47.3,72.8,15.5,90.7,<5,92.9,88.6,27.1,8.6,39.1,2.4,60.9,3.4,5.2,15.2,29.1,2.26,70.9,41.2,5.55,2.1,27.2,<0.5,5,143
144,435032,"Dispatchers, except police, fire, and ambulance",435032,206090,24.44,50830,detailed,cross-industry,6.7,42,77.5,7.2,43.6,<5,95.5,94.7,20.9,6.8,,<0.5,55.2,3.7,3.1,4.3,9.6,0.82,90.4,<15,7.57,78.2,22.5,<0.5,5,144
145,533053,Shuttle drivers and chauffeurs,533053,204930,17.75,36920,detailed,cross-industry,90.5,88.3,2,61.6,4.9,18.1,61,59.8,69.4,14.1,56.2,29.4,,1.9,12.2,>99.5,24.3,1.7,75.7,<0.5,5.26,95.9,98,<0.5,5,145
146,434131,Loan interviewers and clerks,434131,203940,23.4,48660,detailed,cross-industry,<0.5,32.1,88.3,7.1,,<0.5,96.7,94.3,10.7,<0.5,,,72.6,<0.5,<0.5,<0.5,11.1,0.87,88.9,6.9,7.05,72,11.7,<0.5,5,146
147,472051,Cement masons and concrete finishers,472051,203560,27.6,57410,detailed,cross-industry,>95,>80,<0.5,>99.5,47.6,55.1,<0.5,7.5,,69.6,70.6,,23.1,<0.5,69.6,32.7,91.5,7.38,8.5,<10,0.68,87.3,>99.5,14.7,5,147
148,151253,Software quality assurance analysts and testers,151253,203040,52.15,108460,detailed,cross-industry,<0.5,20.2,>99.5,<15,>99.5,<0.5,96.1,96.3,15.2,<15,38.3,<0.5,61.7,<15,<0.5,<15,5.2,0.42,94.8,<15,7.57,<15,<0.5,<0.5,5,148
149,113121,Human resources managers,113121,200600,74.39,154740,detailed,cross-industry,3.6,36,>99.5,5.4,>99.5,<0.5,96.1,95.4,26.5,3.7,<50,<0.5,58.9,1,2.7,24.7,13.7,1.11,86.3,27.6,6.98,<5,<0.5,<5,5,149
150,113071,"Transportation, storage, and distribution managers",113071,198780,53.79,111870,detailed,cross-industry,31.8,45.1,86.2,24.2,96,4,82.6,81.5,42.6,19,<45,4.7,62.4,,,36.5,35.1,2.83,64.9,20.6,5.31,<0.5,13.8,2.8,4,150
151,152051,Data scientists,152051,192710,57.23,119040,detailed,cross-industry,<0.5,,>99.5,<0.5,>99.5,<0.5,>99.5,>99.5,,<0.5,14.8,<0.5,85.2,<0.5,<0.5,<5,6.9,0.55,93.1,,7.44,,<0.5,<0.5,4,151
152,433011,Bill and account collectors,433011,190910,22.12,46020,detailed,cross-industry,2.6,19.4,93.3,3.1,89.1,<0.5,98.2,97.2,15.1,7,,1.2,73.3,,,5,4.4,0.34,95.6,<0.5,7.44,78.7,6.7,<0.5,4,152
153,519161,Computer numerically controlled tool operators,519161,187670,24.54,51030,detailed,cross-industry,1,89.2,12.9,58.3,42.4,23.8,72.1,53.6,88.7,44.5,78.4,15.7,,8.1,36.4,10.9,84.4,6.92,15.6,3.7,1.29,80.4,87.1,<0.5,4,153
154,292072,Medical records specialists,292072,185690,25.81,53690,detailed,cross-industry,<0.5,52.7,90.3,16.7,93.3,4.5,91.5,86.4,39.3,10.2,,2.7,61.4,2.5,7.7,0.5,,,,3.8,,69.4,9.7,<0.5,4,154
155,172071,Electrical engineers,172071,185430,56.58,117680,detailed,cross-industry,25.1,62.4,87.2,28.8,>99.5,<0.5,74.8,72.8,59.9,32.7,69.2,4.3,30.8,2.5,30.1,31.3,23.2,1.88,76.8,25.3,6.22,4,12.8,<5,4,155
156,211022,Healthcare social workers,211022,185020,32.42,67430,detailed,cross-industry,5.1,49.2,82.2,17.4,84.5,13.1,89.2,88.1,38.2,6.3,39.4,10.8,60.6,<5,<10,20.4,,,,,,,17.8,<0.5,4,156
157,516011,Laundry and dry-cleaning workers,516011,185000,15.33,31880,detailed,cross-industry,5.3,>99.5,12,85.9,70.1,83.9,61.5,32.2,>99.5,45.1,87.3,31.4,<20,8.3,36.8,4.2,94.9,7.21,5.1,<0.5,0.39,>99.5,88,<0.5,4,157
158,533052,"Bus drivers, transit and intercity",533052,184990,28.78,59860,detailed,cross-industry,89.7,87.4,<0.5,79.3,<5,<5,41.6,40.8,69.4,39,51.7,12.7,48.3,26.8,12.2,>99.5,11.6,0.91,88.4,<5,6.75,92.4,>99.5,<5,4,158
159,519198,Helpers--production workers,519198,181810,18.35,38160,detailed,cross-industry,12.1,98.2,0.9,83.3,,23,36.7,38.9,98.2,,53.1,15,,,,,89,7.27,11,<0.5,0.88,>99.5,99.1,0.9,4,159
160,514031,"Cutting, punching, and press machine setters, operators, and tenders, metal and plastic",514031,179230,21.28,44260,detailed,cross-industry,5.4,84.9,<5,68.8,22.8,18.9,64.5,54.9,>70,26.3,72.6,15.2,,4.1,22.3,38.6,88.3,7.5,11.7,<10,,93.9,>95,<0.5,4,160
161,493042,"Mobile heavy equipment mechanics, except engines",493042,177280,30.93,64340,detailed,cross-industry,96.2,>99.5,11.8,>99.5,64.1,62,2.1,<0.5,98.3,95.2,95.6,47.3,4.4,<5,>85,99.4,83.1,7.07,16.9,8.6,1.5,47.8,88.2,11,4,161
162,499099,"Installation, maintenance, and repair workers, all other",499099,175860,24.27,50480,detailed,cross-industry,68.7,>99.5,22.5,>99.5,60.9,19.6,5.7,5.1,98.1,87.1,76.2,,23.8,<5,>70,69,81.2,6.35,18.8,7.2,1.51,77.1,77.5,,4,162
163,151212,Information security analysts,151212,175350,59.97,124740,detailed,cross-industry,<0.5,44.8,>99.5,6.9,99.2,<0.5,95.9,98.7,32.7,7.2,,<5,65.4,<0.5,7.2,3.1,,,,,,,<0.5,<0.5,4,163
164,151241,Computer network architects,151241,174100,64.39,133930,detailed,cross-industry,,40.6,>85,10,96.7,<0.5,91,90.9,37.7,7.9,51.8,1.5,48.2,,,24.9,,,,,,,<15,<0.5,4,164
165,119151,Social and community service managers,119151,173650,40.1,83400,detailed,cross-industry,20.1,65.4,96.1,27.9,96.9,12.9,74.7,75,54.8,25.9,51.9,3.8,48.1,6.1,19.8,52.2,23.1,1.82,76.9,28.7,6.05,2.1,3.9,<0.5,4,165
166,351011,Chefs and head cooks,351011,172370,30.12,62640,detailed,cross-industry,7.1,91.8,14.7,79.4,48,94.8,67.3,46.4,91.3,83.6,81.8,23.2,18.2,10,73.5,4.8,87.6,7.3,12.4,11.5,1.02,19.3,85.3,<0.5,4,166
167,291127,Speech-language pathologists,291127,172100,44.53,92630,detailed,cross-industry,6.4,67.1,72.9,36.3,64.5,23.8,72.8,70,56.7,18.2,50.7,4,49.3,2.3,15.8,29.5,36.1,2.64,63.9,,4.53,,27.1,<0.5,4,167
168,439199,"Office and administrative support workers, all other",439199,172020,22.41,46620,detailed,cross-industry,4.8,37.2,67.9,14,57.8,<15,93.9,93.9,31.2,7.1,,5.1,59.7,<0.5,7.1,16.5,22.4,1.73,77.6,<10,5.84,68.1,32.1,<0.5,4,168
169,371011,First-line supervisors of housekeeping and janitorial workers,371011,171120,24.03,49980,detailed,cross-industry,44.8,85.3,42.5,80.9,93,55.1,36.4,29.4,77.7,63,52.9,14.6,47.1,14,49,44.3,70.2,5.45,29.8,12.6,2.37,40.1,57.5,7.1,4,169
170,292099,"Health technologists and technicians, all other",292099,171110,26.07,54220,detailed,cross-industry,<0.5,90.9,,,8.6,,,,>65,,85.8,7.2,14.2,,,,49,4.96,51,<0.5,5.33,,,<0.5,4,170
171,513092,Food batchmakers,513092,169190,19.66,40890,detailed,cross-industry,1.6,88.2,<10,75.6,20.8,67.4,,33.9,88.2,35.6,51.6,19.1,,,,30.6,88.8,7.49,11.2,<0.5,0.93,92.1,>90,<0.5,4,171
172,119033,"Education administrators, postsecondary",119033,167270,58.66,122010,detailed,cross-industry,5.1,44.3,>99.5,0.8,>99.5,1,99.5,>99.5,27.5,14.1,41.5,<0.5,58.5,6.8,7.3,16.7,,,,,,,<0.5,<0.5,4,172
173,292042,Emergency medical technicians,292042,167040,20.72,43100,detailed,cross-industry,84.2,>99.5,<0.5,>99.5,13.4,,11.9,10.1,98.2,77.2,79.8,,20.2,5.3,71.9,78.3,52.9,6.19,47.1,6.1,6.03,64.9,>99.5,20.3,4,173
174,251199,"Postsecondary teachers, all other",251199,166980,*,96570,detailed,cross-industry,23.7,73.6,>80,28.9,67.8,25.4,71.1,71.8,56.5,35.4,57.1,,,,,21.6,,,,3.4,,4.7,<20,<20,4,174
175,253041,Tutors,253041,162300,23.36,48580,detailed,cross-industry,6.4,,95,27.7,76.5,<0.5,73,73,,9.4,,<0.5,,,,<15,28.2,1.37,71.8,,3.33,,5,<0.5,4,175
176,434111,"Interviewers, except eligibility and loan",434111,160550,20.55,42750,detailed,cross-industry,9.5,58.8,67.1,5.4,61.7,7.8,94.6,94.6,38.4,17.6,37.9,<10,62.1,<0.5,17.6,22.7,,,,<10,,81.5,32.9,<0.5,4,176
177,492022,"Telecommunications equipment installers and repairers, except line installers",492022,159670,30.77,64010,detailed,cross-industry,>75,>99.5,,>99.5,,1.1,<0.5,<0.5,99.4,>99.5,>99.5,,<0.5,<5,99.2,98.8,,,,,,,,36.9,4,177
178,514072,"Molding, coremaking, and casting machine setters, operators, and tenders, metal and plastic",514072,158980,20.22,42060,detailed,cross-industry,<10,97.9,1.6,62.9,24.3,6,65.1,53.8,>95,36.4,72.5,15.1,,<0.5,,30.1,93.2,7.85,6.8,<0.5,0.58,91.1,98.4,<0.5,4,178
179,151231,Computer network support specialists,151231,158720,37.81,78640,detailed,cross-industry,3,62.6,93,40.5,93.4,<0.5,64.4,59.9,46.9,29.6,52.3,6.8,47.7,9.4,20.1,19.5,19.1,1.52,80.9,25.3,6.47,4.6,7,4.1,4,179
180,252058,"Special education teachers, secondary school",252058,158150,*,74670,detailed,cross-industry,43.3,74.5,71.9,48.5,37.1,7.4,66.3,68.4,62.3,30.2,45.8,19.5,54.2,11.3,18.9,2.4,71.7,5.4,28.3,37.9,2.13,<5,28.1,<0.5,4,180
181,434031,"Court, municipal, and license clerks",434031,157960,23.44,48760,detailed,cross-industry,5,55.7,80.2,25.8,64.2,<0.5,90.4,81.8,39.9,13.7,44,2.7,56,5.3,8.3,10.4,19.2,1.5,80.8,<10,6.22,68.4,19.8,<0.5,4,181
182,433051,Payroll and timekeeping clerks,433051,157230,26.29,54690,detailed,cross-industry,<0.5,40.5,95.7,16.7,98.9,<0.5,95.3,85.6,29.6,2.8,,3.6,62.7,<0.5,2.4,6,8.8,0.69,91.2,2.3,7.27,65.7,4.3,<0.5,4,182
183,519124,"Coating, painting, and spraying machine setters, operators, and tenders",519124,155880,23.31,48480,detailed,cross-industry,30.5,95.7,3.2,87.6,41,36.6,37.1,27.2,88.1,77.5,70.6,29.7,,6.2,71.3,31.6,93.9,7.87,6.1,<10,0.51,87,96.8,<10,4,183
184,272012,Producers and directors,272012,154470,51.52,107170,detailed,cross-industry,6.5,,79.9,23.3,85,<5,77.2,77.5,,19.5,,,67.2,,,7.5,17.3,1.39,82.7,14,6.62,15.1,20.1,<0.5,4,184
185,439021,Data entry keyers,439021,154230,19.29,40130,detailed,cross-industry,<0.5,66.3,94.9,,72.2,<0.5,91,90.7,59.6,9.3,65.8,,,<0.5,9.3,<10,10.2,0.79,89.8,<0.5,7.03,92.9,5.1,<0.5,4,185
186,436012,Legal secretaries and administrative assistants,436012,152790,27.08,56330,detailed,cross-industry,<5,58.2,97.1,24.1,96.8,<0.5,87.1,80.2,41.8,26.9,34.3,,65.7,12.2,14.8,10.4,15.5,1.18,84.5,3.8,6.54,66,2.9,<0.5,4,186
187,493021,Automotive body and related repairers,493021,151910,26.55,55220,detailed,cross-industry,46,>99.5,14.6,,89.3,47.1,,<40,>99.5,87.1,84.2,,,<0.5,87.1,71.5,83.8,7.18,16.2,<10,1.36,79.3,85.4,11.9,4,187
188,434199,"Information and record clerks, all other",434199,151760,23,47840,detailed,cross-industry,<0.5,67.3,90.4,35.8,84.2,<0.5,74.1,70.1,41.1,13.7,37.7,1.4,62.3,6.2,7.5,<5,15.3,1.2,84.7,<5,6.61,62,9.6,<0.5,4,188
189,515112,Printing press operators,515112,151450,21.37,44450,detailed,cross-industry,<0.5,77.2,22.6,56.9,28.9,17.9,61.4,54.8,>55,37.2,75.3,15.7,,0.7,36.5,19.2,85.4,7.41,14.6,<30,1.17,81.5,77.4,<0.5,4,189
190,172199,"Engineers, all other",172199,150990,56.9,118350,detailed,cross-industry,7.5,,,,>95,<5,,,,,63.5,<10,,,,,,,,,,,,<5,4,190
191,474051,Highway maintenance workers,474051,150860,23.59,49070,detailed,cross-industry,>99.5,>99.5,<10,98.7,42.1,65.9,10.8,5.1,95.2,86.8,65.3,39.3,,3.5,83.4,96.6,66.3,5.37,33.7,<0.5,2.76,90,>90,21.9,4,191
192,434061,"Eligibility interviewers, government programs",434061,150190,24.92,51840,detailed,cross-industry,2.8,42,92.1,4.8,77.7,<5,>99.5,>99.5,24.1,<10,35.7,,64.3,<0.5,<10,21.2,14.2,1.11,85.8,12.3,6.76,39.7,7.9,<0.5,4,192
193,259044,"Teaching assistants, postsecondary",259044,145960,*,47030,detailed,cross-industry,12.3,73.5,75.2,23.2,87.2,16.8,84,80.5,39.3,44.3,32.2,<0.5,67.8,<35,,17.8,51,3.11,49,<15,2.68,38.5,24.8,<0.5,3,193
194,291071,Physician assistants,291071,145740,62.74,130490,detailed,cross-industry,<0.5,93.9,61.6,69.8,69,93.6,52.1,44,,48.5,74.3,14.3,25.7,14.1,34.4,23.2,,,,16.3,,<15,38.4,<0.5,3,194
195,291122,Occupational therapists,291122,144840,46.54,96790,detailed,cross-industry,12.7,92.8,48.9,86.8,65.3,71.5,23.8,20.3,91.3,60.3,73.9,28.5,26.1,9.8,50.6,33.3,,,,,,,51.1,<0.5,3,195
196,395092,Manicurists and pedicurists,395092,144810,17.54,36480,detailed,cross-industry,<0.5,,20.5,47.3,34.3,90.3,61,60.5,,8.9,93.2,<30,,,,9.5,12.2,0.85,87.8,<0.5,5.99,>99.5,79.5,<0.5,3,196
197,513022,"Meat, poultry, and fish cutters and trimmers",513022,138300,17.71,36840,detailed,cross-industry,<0.5,94.4,<0.5,,14.3,90.8,,,>80,,86.8,,9.1,,,<5,98.1,8.09,,<0.5,,99.3,>99.5,,3,197
198,331012,First-line supervisors of police and detectives,331012,138140,50.96,106000,detailed,cross-industry,91.6,93.4,24,87.4,33.8,25.3,18.1,14.9,91.5,79.5,75.2,37.9,24.8,7.3,72.2,>99.5,36.7,3.29,63.3,29.1,5.74,1.7,76,28.2,3,198
199,493011,Aircraft mechanics and service technicians,493011,137630,36.66,76260,detailed,cross-industry,70.1,99.3,23,96.2,,35.3,,,99.3,,82.4,,17.6,,,75.4,,,,,,,77,,3,199
200,319097,Phlebotomists,319097,137080,20.74,43130,detailed,cross-industry,<0.5,96.2,,28.7,,95,93.9,76.5,94,,,17,,,,5.2,73.8,5.85,26.2,<0.5,2.08,83.5,,<0.5,3,200
201,513021,Butchers and meat cutters,513021,136330,19.08,39680,detailed,cross-industry,4.7,>95,<10,91.1,16.8,90.7,,34.7,96.1,62.4,69.5,25.7,30.5,4.2,58.2,7.2,99.7,7.53,,<0.5,,99.2,>90,<0.5,3,201
202,537081,Refuse and recyclable material collectors,537081,135430,22.99,47810,detailed,cross-industry,>65,94.9,4.5,92.5,,,,,94.9,,,,,,,92.5,46,4.16,54,<0.5,,99.4,95.5,<0.5,3,202
203,472181,Roofers,472181,135140,26.85,55840,detailed,cross-industry,>99.5,>99.5,<0.5,>99.5,,,<0.5,<10,99.4,78,95.7,,4.3,,,,90.8,7.31,9.2,<0.5,0.73,72.2,>99.5,28.1,3,203
204,254022,Librarians and media collections specialists,254022,133760,32.97,68570,detailed,cross-industry,5.5,88.8,76.2,66.8,76.2,<0.5,63,39.1,59.7,64.5,,18.2,52.2,25.5,39,7.6,41.3,3.16,58.7,7.5,4.52,12.1,23.8,<0.5,3,204
205,474011,Construction and building inspectors,474011,133640,35.04,72880,detailed,cross-industry,94.3,84.4,42.6,85.2,88,25.4,27.4,17.9,76.6,47.2,55.6,19.3,44.4,3.8,43.4,80.9,57,4.54,43,33.1,3.43,24.3,57.4,18.4,3,205
206,113013,Facilities managers,113013,131400,53.42,111110,detailed,cross-industry,80.1,78.5,79.3,65.2,95.8,9.5,64.4,48.5,66.6,48.4,44.9,34.7,55.1,3.2,45.2,54.9,45.9,3.66,54.1,31.1,4.32,<30,20.7,3.5,3,206
207,291126,Respiratory therapists,291126,129750,38.62,80340,detailed,cross-industry,<0.5,97.8,45.7,,37.5,,,,96.4,,86.8,,13.2,,,26.9,67.1,6.15,32.9,17.1,2.97,31.5,54.3,,3,207
208,514081,"Multiple machine tool setters, operators, and tenders, metal and plastic",514081,127790,21.15,43990,detailed,cross-industry,<5,,15.1,85.8,16.7,19,33.5,21.5,,,90.2,21.9,9.8,,,,76.7,6.3,23.3,<10,1.91,86.5,84.9,<5,3,208
209,352015,"Cooks, short order",352015,126370,16.31,33920,detailed,cross-industry,42.2,>95,<0.5,82.8,18.6,90.4,61.4,,99.1,76.7,76.3,24.2,23.7,20,56.8,<0.5,99,7.17,1,<0.5,0.07,97.6,>99.5,<0.5,3,209
210,371012,"First-line supervisors of landscaping, lawn service, and groundskeeping workers",371012,126020,28.33,58920,detailed,cross-industry,>90,96,29.7,91.2,81.4,70.6,12.2,11.2,>80,68.1,65.8,27.7,34.2,0.8,67.3,98.8,71.7,5.82,28.3,8.8,2.3,19.6,70.3,<0.5,3,210
211,339092,"Lifeguards, ski patrol, and other recreational protective service workers",339092,123560,15.07,31340,detailed,cross-industry,68.5,94.3,12.7,96.7,15.6,88.8,4.8,9.2,92,67.1,57.5,22.6,39.5,<15,,9.5,62.7,3.75,37.3,2.2,2.16,91.7,87.3,13.1,3,211
212,132099,"Financial specialists, all other",132099,122730,43.1,89650,detailed,cross-industry,4.8,26.1,>99.5,13.5,,<0.5,86.5,86.5,19,<5,25.1,<0.5,74.9,<0.5,<5,16.8,,,,,,,<0.5,<0.5,3,212
213,195011,Occupational health and safety specialists,195011,122300,41.14,85570,detailed,cross-industry,72.7,80,61.8,62.7,95.1,13.6,42.9,41.8,65.5,44.8,55,7.7,45,3.1,41.7,66.5,43.9,3.59,56.1,14.8,4.62,5.8,38.2,2.6,3,213
214,131121,"Meeting, convention, and event planners",131121,122130,29.94,62280,detailed,cross-industry,51.1,60.1,64,37.5,95.3,0.7,77.7,78.3,56,22.5,53.6,9.5,,0.7,21.8,39.6,31.9,2.56,68.1,24.3,5.42,8.6,36,<0.5,3,214
215,292056,Veterinary technologists and technicians,292056,122000,21.18,44040,detailed,cross-industry,36.9,>99.5,16.4,92,<50,,11.8,15.9,98.9,73.3,97.5,20.3,2.5,9.3,64,23.7,79.1,6.91,20.9,<15,1.76,58.1,83.6,<10,3,215
216,291021,"Dentists, general",291021,121640,92.19,191750,detailed,cross-industry,<0.5,73.2,48.5,17,59.7,,>99.5,>99.5,,57.8,92.4,9.6,,30.7,27.2,96.7,28.7,2.26,71.3,,5.62,<0.5,51.5,<0.5,3,216
217,518031,Water and wastewater treatment plant and system operators,518031,120710,27.91,58050,detailed,cross-industry,94.2,>95,22,93.9,65.9,80,16.2,10,95.5,69.9,75.2,27.8,24.8,4.4,65.5,79.1,70.3,5.7,29.7,6.2,2.45,66.7,78,16.6,3,217
218,151251,Computer programmers,151251,120370,51.8,107750,detailed,cross-industry,<0.5,22,>85,1.6,>99.5,<0.5,98.4,98.4,9.3,<5,34.7,<0.5,63.3,<0.5,<5,<0.5,3.7,0.29,96.3,24.7,7.38,<0.5,<15,<0.5,3,218
219,499051,Electrical power-line installers and repairers,499051,120170,41.3,85900,detailed,cross-industry,>99.5,>99.5,1.4,>99.5,29.5,7.4,14.8,15.3,92.1,99.2,85.5,42.5,14.5,<5,>95,>99.5,78.1,6.56,21.9,4.3,1.85,21.3,98.6,30.8,3,219
220,434181,Reservation and transportation ticket agents and travel clerks,434181,119270,22.51,46820,detailed,cross-industry,12.9,90.8,,,5.9,<0.5,,,>65,,53.7,,46.3,,,,,,,,,,,,3,220
221,252012,"Kindergarten teachers, except special education",252012,118580,*,67790,detailed,cross-industry,55,84.3,65,75.5,12.4,13.1,29.7,<40,69.3,32.8,59,8.6,41,7.5,25.3,<0.5,64.3,4.9,35.7,12.9,2.73,12.8,35,<0.5,3,221
222,253099,"Teachers and instructors, all other",253099,118290,*,70340,detailed,cross-industry,15,45.6,80.7,27.8,31.8,8.2,77.5,72.2,24.5,26.8,42.7,<0.5,57.3,20.1,6.7,2.7,49.3,3.34,50.7,26.7,3.46,,19.3,<0.5,3,222
223,536021,Parking attendants,536021,118130,15.72,32700,detailed,cross-industry,>90,83.8,9,,17.5,<15,,,,<5,,17.8,,<5,<0.5,94,70.9,4.42,29.1,<0.5,1.95,>99.5,91,<0.5,3,223
224,152031,Operations research analysts,152031,117880,45.96,95600,detailed,cross-industry,<0.5,30.7,>99.5,<0.5,>99.5,<0.5,>99.5,>99.5,25.5,<0.5,65.4,<0.5,34.6,<0.5,<0.5,<10,,,,,,,<0.5,<0.5,3,224
225,393031,"Ushers, lobby attendants, and ticket takers",393031,117560,14.67,30520,detailed,cross-industry,54.1,85,<20,,21,19.9,72.5,,66,,,13.1,57.8,,,<0.5,81.5,5.06,18.5,<0.5,0.98,>99.5,>80,<0.5,3,225
226,472211,Sheet metal workers,472211,116190,30.9,64270,detailed,cross-industry,,>99.5,12.6,>75,,,32.8,<50,>99.5,,97.6,,2.4,,,,87.1,7.12,,<5,,75.1,87.4,17.7,3,226
227,516031,Sewing machine operators,516031,116130,16.83,35000,detailed,cross-industry,<20,85.5,16.8,22.5,60.3,<5,86.9,85.1,84.5,6.7,95.6,7.5,4.4,1.1,5.6,68.4,33.1,2.74,66.9,<0.5,5.56,99.1,83.2,<0.5,3,227
228,292053,Psychiatric technicians,292053,115940,20.99,43650,detailed,cross-industry,,,14.6,90,7.9,,17.9,,,68.2,,9.7,,,<40,,53.9,4.57,46.1,<0.5,3.78,72.2,85.4,<0.5,3,228
229,319096,Veterinary assistants and laboratory animal caretakers,319096,115770,17.94,37310,detailed,cross-industry,69.5,>75,6.6,>85,33.1,,8.1,<15,,66.9,85.1,,,<20,,38,78.7,6,21.3,<0.5,1.7,91,93.4,,3,229
230,211023,Mental health and substance abuse social workers,211023,114680,30.71,63870,detailed,cross-industry,12.1,69.2,,17.5,60.7,29.2,94,83.9,,2.2,29.4,<0.5,70.6,<5,<5,66.1,33.2,2.64,66.8,16.2,5.31,,,<0.5,3,230
231,291215,Family medicine physicians,291215,112010,115.77,240790,detailed,cross-industry,<0.5,92.1,64.5,83.9,64.3,93.6,,,>65,,84.5,34,15.5,,,23,48,4.01,52,9.5,4.3,<5,35.5,<0.5,3,231
232,251194,"Career/technical education teachers, postsecondary",251194,111180,32.84,68300,detailed,cross-industry,10.1,56.4,75.2,70.2,78.5,32.9,76.8,64.2,,26.7,81.2,15.2,18.8,7.7,19,21.5,63,4.43,37,28.2,2.49,24.9,24.8,<5,3,232
233,173011,Architectural and civil drafters,173011,111070,31.25,65000,detailed,cross-industry,8.1,25.4,95.4,5.1,>99.5,<0.5,94.9,94.9,,5.9,49.9,<0.5,50.1,<0.5,5.9,6.4,11.6,0.93,88.4,18.5,6.89,18.3,4.6,<0.5,3,233
234,151255,Web and digital interface designers,151255,111060,52.32,108820,detailed,cross-industry,<0.5,15.3,>99.5,<0.5,>99.5,<0.5,>99.5,>99.5,12.2,1.5,,<0.5,,<5,<5,<0.5,6.6,0.53,93.4,,7.43,,<0.5,<0.5,3,234
235,292055,Surgical technologists,292055,110320,29.93,62250,detailed,cross-industry,<0.5,79.7,<0.5,,<5,,,,,,95.4,,4.6,,,,,,,,,,>99.5,<0.5,3,235
236,413011,Advertising sales agents,413011,108100,36.45,75820,detailed,cross-industry,33.9,52.9,88.5,<25,>90,<0.5,,,48,<40,,<0.5,53,<5,<35,63.1,22.3,1.79,77.7,,6.19,,11.5,<0.5,3,236
237,333021,Detectives and criminal investigators,333021,106730,46.12,95930,detailed,cross-industry,71.2,86.8,,70.7,,17.1,32.6,30.5,76.4,56,70.1,33.8,29.9,6,50,76.9,,,,12.5,,1,,16.5,3,237
238,391022,First-line supervisors of personal service workers,391022,106440,24.08,50090,detailed,cross-industry,40.5,77.1,78,54,88.3,35.8,56.2,48.5,75,37.7,53,13.2,47,7.9,29.7,58.3,47.5,3.76,52.5,22.5,4.09,16.8,22,,3,238
239,519023,"Mixing and blending machine setters, operators, and tenders",519023,105740,23.05,47950,detailed,cross-industry,,97.6,<10,86.4,22.2,,,28.8,97.6,,85.3,26.6,14.7,,,33.3,88,7.28,,<0.5,,87.7,>90,<0.5,3,239
240,435011,Cargo and freight agents,435011,105220,25.22,52460,detailed,cross-industry,12.7,54,89.2,19.9,83.7,<0.5,97.5,85.5,33.7,1.7,,,,1.7,<0.5,4.2,15.3,1.22,84.7,<0.5,6.73,55.4,10.8,<0.5,3,240
241,312021,Physical therapist assistants,312021,104000,31.66,65860,detailed,cross-industry,22.9,>90,21,>95,39.5,84.8,6.9,6.6,,74.5,91.3,58.4,8.7,2.2,72.3,,69.6,5.7,30.4,5.2,2.4,73.5,79,<0.5,3,241
242,499098,"Helpers--installation, maintenance, and repair workers",499098,101890,18.61,38720,detailed,cross-industry,91.6,>99.5,21.5,>99.5,91,,<10,6.6,>99.5,91.1,86.1,,13.9,<0.5,>80,,85,6.56,15,<0.5,1.16,97.5,78.5,36.7,3,242
243,131131,Fundraisers,131131,101730,34.02,70760,detailed,cross-industry,12.5,50.8,,3.4,99.3,<0.5,98.7,98.9,20.9,<0.5,53.8,,,<0.5,<0.5,47.7,12.6,0.99,87.4,29.8,6.79,28.4,,<0.5,3,243
244,493093,Tire repairers and changers,493093,101520,17.92,37280,detailed,cross-industry,77.1,>99.5,<0.5,>95,24.1,48.7,<5,,>99.5,86.8,92.3,24.6,7.7,<10,>70,>90,90.2,6.89,9.8,<0.5,0.74,96.1,>99.5,14.2,3,244
245,251121,"Art, drama, and music teachers, postsecondary",251121,101500,*,100840,detailed,cross-industry,<0.5,47.7,93.7,26.9,83,4.4,89.2,81,46.6,16.3,66.6,,33.4,,,8,,,,,,,6.3,<20,3,245
246,434161,"Human resources assistants, except payroll and timekeeping",434161,101440,23.46,48800,detailed,cross-industry,<0.5,54.7,94.2,13.4,94.3,<5,92.8,90,36.9,8.6,<50,1.8,57.6,3.4,5.3,4.6,12.2,0.96,87.8,1.1,6.9,73.1,5.8,<0.5,3,246
247,132053,Insurance underwriters,132053,101310,41.16,85610,detailed,cross-industry,<5,,>99.5,<25,>99.5,<0.5,95.1,95.1,,<15,28.3,<0.5,71.7,<0.5,<15,14.7,,,,,,,<0.5,<0.5,3,247
248,131141,"Compensation, benefits, and job analysis specialists",131141,99850,38.76,80620,detailed,cross-industry,<0.5,49.5,>90,12.1,>75,<0.5,89.8,88.3,39.3,<5,,<0.5,51.9,<0.5,<5,4.6,7.4,0.59,92.6,27.8,7.36,5.3,<10,<0.5,2,248
249,292043,Paramedics,292043,98770,27.62,57450,detailed,cross-industry,97.4,>99.5,<0.5,>99.5,<5,,<5,<25,90.7,87.1,90.3,,9.7,3.2,83.9,85,,,,16.1,,37.8,>99.5,15.8,2,249
250,435031,Public safety telecommunicators,435031,97820,25.07,52140,detailed,cross-industry,<0.5,36.6,73.2,2.9,9.5,<0.5,99,99,22.3,6.8,35.4,<5,60.1,3.4,3.4,13.9,3.9,0.36,96.1,3.1,9.02,72.3,26.8,<0.5,2,250
251,173023,Electrical and electronic engineering technologists and technicians,173023,97420,35.79,74440,detailed,cross-industry,31.5,73.8,50.3,50.7,89.5,0.9,56.3,49.4,72.7,45.6,84.6,25.6,15.4,<5,,22.3,49.4,4.08,50.6,7.3,4.06,25.5,49.7,10.9,2,251
252,119121,Natural sciences managers,119121,96520,81.31,169120,detailed,cross-industry,19,30.5,94.5,3.3,>95,8.3,96.7,96.7,21.5,<25,34.8,<0.5,65.2,<5,<20,23.6,22.6,1.85,77.4,28.9,6.52,<0.5,5.5,<0.5,2,252
253,172072,"Electronics engineers, except computer",172072,96410,59.71,124190,detailed,cross-industry,<20,,>99.5,11.7,>99.5,<10,88.3,88.3,,<20,56.2,,,<0.5,<20,2.9,,,,,,,<0.5,<20,2,253
254,273041,Editors,273041,95700,40.92,85110,detailed,cross-industry,4.9,45,98.2,2.6,97.5,<0.5,98.4,98.4,20.2,3.7,,<5,62,,,10.8,8.5,0.65,91.5,17.7,7.01,4.5,1.8,<0.5,2,254
255,211099,"Community and social service specialists, all other",211099,95310,25.97,54020,detailed,cross-industry,48.4,64.4,93.1,10.4,97.6,<15,91.3,92.5,48.6,12,54.8,1.5,45.2,,,47.4,32.5,2.43,67.5,12.4,5,38.6,6.9,<5,2,255
256,319011,Massage therapists,319011,92650,30.08,62560,detailed,cross-industry,<0.5,>90,,25.1,,,84.2,82.1,96.9,19,96.6,18.4,<10,4.3,14.6,15.1,,,,<5,,74.9,,<0.5,2,256
257,434151,Order clerks,434151,91830,20.93,43530,detailed,cross-industry,3.8,37.2,91.6,10.1,81.3,1.6,90.5,90.4,32.5,9.1,,,56.2,2.1,7,0.9,12.9,1.03,87.1,<0.5,6.92,90.6,8.4,<0.5,2,257
258,472081,Drywall and ceiling tile installers,472081,90860,29.56,61480,detailed,cross-industry,,>95,<0.5,>99.5,,16.3,15,<10,98.1,>99.5,74.7,19.8,,<0.5,>99.5,<10,96.4,7.72,3.6,<0.5,0.29,89.1,>99.5,,2,258
259,339091,Crossing guards and flaggers,339091,90780,19.54,40650,detailed,cross-industry,>95,,<0.5,,<0.5,,68.6,69.1,,3,,1.3,,,,17.1,96.3,,,<0.5,,>99.5,>99.5,<0.5,2,259
260,252032,"Career/technical education teachers, secondary school",252032,90070,*,70810,detailed,cross-industry,28.5,72.6,75.8,43.5,50.3,23.5,64.7,59.9,52.6,49.2,67.2,8.2,32.8,13.7,35.5,15.3,67.2,5.15,32.8,19.2,2.54,13,24.2,<5,2,260
261,252057,"Special education teachers, middle school",252057,88850,*,73630,detailed,cross-industry,53.4,73.2,76.2,64.6,35.5,13.9,45.1,36.7,59.4,42.6,45,2.9,55,8.2,34.3,<10,62.2,4.54,37.8,17.4,2.74,5.3,23.8,<0.5,2,261
262,399041,Residential advisors,399041,88700,19.33,40200,detailed,cross-industry,63.3,77.2,,45.3,76.2,48.9,65.6,67.3,72.6,35.1,,12.8,,13.6,21.6,57.9,54.6,4.46,45.4,,3.67,21.2,,<0.5,2,262
263,517011,Cabinetmakers and bench carpenters,517011,88460,21.45,44620,detailed,cross-industry,11.9,>85,<10,93.5,41,14.2,17.4,9.4,,,80.3,27.2,19.7,,,,93.5,7.61,6.5,<0.5,0.52,98,>90,<0.5,2,263
264,391014,"First-line supervisors of entertainment and recreation workers, except gambling services",391014,88140,24.35,50650,detailed,cross-industry,58,70.6,55.6,41.3,86.5,22.1,73.8,65.3,69,46.9,55.4,7.9,44.6,2.2,44.7,32.9,,,,12.1,,22.7,44.4,<0.5,2,264
265,359099,"Food preparation and serving related workers, all other",359099,86350,17.03,35430,detailed,cross-industry,,>90,5.8,78.8,10.8,>90,62,,,,67.1,6.8,,,,4.2,91.9,6.03,8.1,<0.5,0.6,98,94.2,,2,265
266,211092,Probation officers and correctional treatment specialists,211092,85870,32.64,67880,detailed,cross-industry,56.3,73.5,82.9,41.9,80.3,5.8,61.6,60.3,59.4,28.8,50,11.6,50,,,82.8,,,,,,,17.1,6.6,2,266
267,151254,Web developers,151254,85350,45.95,95570,detailed,cross-industry,<0.5,20.9,>99.5,<5,>99.5,<0.5,97.9,97.9,14.6,<5,,<5,65.8,<0.5,<5,<0.5,4.2,0.33,95.8,<15,7.56,<10,<0.5,<0.5,2,267
268,211015,Rehabilitation counselors,211015,84750,23.28,48430,detailed,cross-industry,23.6,48.4,80.4,42.3,84.3,15.2,67.3,78,43.5,31.6,43.7,15.9,56.3,,,71.9,29.8,2.25,70.2,28.8,5.45,<10,19.6,<0.5,2,268
269,331021,First-line supervisors of fire fighting and prevention workers,331021,84120,43.63,90740,detailed,cross-industry,96.5,96.6,14.2,89.1,26.6,83,14.3,13.4,>90,91.1,81.2,59.9,18.8,4.3,86.8,95.2,,,,23.1,,4.4,85.8,61.4,2,269
270,434121,"Library assistants, clerical",434121,83680,17.29,35970,detailed,cross-industry,7.8,94.9,45.8,89.6,64.6,<0.5,,36.9,76.4,87.4,,14.9,49.7,29.4,58,<25,52.1,3.03,47.9,<0.5,2.79,84.7,54.2,<0.5,2,270
271,192031,Chemists,192031,83530,45.94,95560,detailed,cross-industry,2.1,72,62.2,36.8,71.3,47.4,81.8,71.4,,47.6,54.6,6.5,45.4,10.7,36.9,4.7,52.6,4.22,47.4,20,3.79,11.8,37.8,<0.5,2,271
272,251011,"Business teachers, postsecondary",251011,82980,*,113240,detailed,cross-industry,<0.5,62.9,,3.7,81,<0.5,97.3,97.3,36.1,2.8,43.7,,56.3,2.8,<0.5,<5,,,,35.4,,3.7,,<0.5,2,272
273,292032,Diagnostic medical sonographers,292032,82780,42.8,89020,detailed,cross-industry,<0.5,94.9,32.6,61.1,27.6,88.2,72.8,,87.6,,76.5,35.7,23.5,,,16.7,,,,,,,67.4,<0.5,2,273
274,339099,"Protective service workers, all other",339099,82500,22.8,47420,detailed,cross-industry,66.6,53.3,32.4,31,30.8,23.5,75.3,72.2,38,15.3,60,4.6,31.1,<5,<20,28.1,55.7,3.07,44.3,<5,3.34,55,67.6,<5,2,274
275,434071,File clerks,434071,82290,19.58,40730,detailed,cross-industry,<5,61.8,74,43.6,90.8,<5,80.5,76.2,46.3,29.2,71.6,17,28.4,13.1,16.1,6,27.2,2.03,72.8,2.3,5.32,83.3,26,<0.5,2,275
276,192041,"Environmental scientists and specialists, including health",192041,80730,41.69,86710,detailed,cross-industry,80.5,74.6,70.6,70.2,>99.5,50.2,60.4,42.1,60.4,31.2,69,31,31,7.9,23.3,75.7,,,,13.9,,7.2,29.4,12.1,2,276
277,291131,Veterinarians,291131,78220,65.53,136300,detailed,cross-industry,41.5,>80,25.9,>85,48.7,,13.9,14.5,,54.6,>99.5,,<0.5,<0.5,54.6,41,62.8,5.15,37.2,8,3.13,<0.5,74.1,<10,2,277
278,492011,"Computer, automated teller, and office machine repairers",492011,77580,23.22,48290,detailed,cross-industry,<15,>99.5,,,>75,<0.5,,,80,,>99.5,10.8,<0.5,,,,52.5,4.09,47.5,<25,3.52,,,<0.5,2,278
279,113061,Purchasing managers,113061,77530,70.53,146710,detailed,cross-industry,3.7,53.9,98,2.5,>99.5,<0.5,97.7,98,33.1,13.8,45.5,<0.5,54.5,,,3.5,13.5,1.1,86.5,19.5,7,0.8,2,<0.5,2,279
280,194021,Biological technicians,194021,76990,27.18,56540,detailed,cross-industry,6.7,68.3,76.3,48,,68.5,73.8,53.7,54.1,17.6,62.2,13.1,37.8,,,7.8,,,,,,,23.7,<0.5,2,280
281,292081,"Opticians, dispensing",292081,76770,22.86,47560,detailed,cross-industry,<0.5,>99.5,28.7,52.1,36.2,,84.5,75.3,72.4,75.8,86.5,,,<45,,<0.5,53.1,3.98,46.9,,3.36,,71.3,<0.5,2,281
282,254031,Library technicians,254031,76670,20.46,42570,detailed,cross-industry,22.5,93.7,63.6,68.4,74.9,<0.5,46.8,36,74.1,68,48.8,13.9,51.2,22.1,45.9,7.4,44.2,3.12,55.8,<5,4.01,67.1,36.4,<0.5,2,282
283,151242,Database administrators,151242,76140,50.39,104810,detailed,cross-industry,<0.5,29.5,>95,8.6,>99.5,<0.5,92.1,93.2,17.6,2.5,,<0.5,56,<0.5,<5,1.9,8.6,0.69,91.4,,7.3,,<5,<0.5,2,283
284,514033,"Grinding, lapping, polishing, and buffing machine tool setters, operators, and tenders, metal and plastic",514033,75260,21.37,44450,detailed,cross-industry,<0.5,93.1,5.3,61.4,43.5,11.3,88.8,41.8,>85,67.8,50.1,16.8,,<5,,25.1,88.5,7.79,,<0.5,,98.8,94.7,<0.5,2,284
285,291031,Dietitians and nutritionists,291031,73860,34.27,71280,detailed,cross-industry,<5,,,,59.8,26.4,,,,,50.3,,49.7,,,8,,,,,,,,,2,285
286,132041,Credit analysts,132041,73200,45.56,94750,detailed,cross-industry,,,,,,,,,,,,,,,,,,,,,,,,,2,286
287,173026,Industrial engineering technologists and technicians,173026,73020,32.04,66640,detailed,cross-industry,<0.5,,,67.6,,<5,,,,,87.5,,12.5,,,<5,52.4,4.2,47.6,28.8,3.82,,,,2,287
288,112032,Public relations managers,112032,72760,76.65,159420,detailed,cross-industry,8.2,20,95.7,<0.5,>99.5,<0.5,>99.5,>99.5,16.5,<10,66.4,<0.5,33.6,<0.5,<10,17.4,15.6,1.14,84.4,33,5.58,<0.5,4.3,<0.5,2,288
289,251072,"Nursing instructors and teachers, postsecondary",251072,72700,*,86530,detailed,cross-industry,<0.5,83,69.5,,82.7,40.3,,,83,49.5,66.2,,33.8,6.3,43.2,27.5,,,,,,,30.5,,2,289
290,339094,School bus monitors,339094,72320,16.33,33970,detailed,cross-industry,,94.2,4.8,90.7,<0.5,5.2,,,>85,9.1,,,,,,,25.3,1.45,74.7,<0.5,3.7,>99.5,95.2,<0.5,2,290
291,194099,"Life, physical, and social science technicians, all other",194099,72230,30.12,62640,detailed,cross-industry,30.1,68,70.7,31.6,65.9,39.2,88,70.5,65.2,32.4,48.5,,51.5,<0.5,,31,,,,,,53.9,29.3,<0.5,2,291
292,435021,Couriers and messengers,435021,72010,18.44,38350,detailed,cross-industry,,93,11,81.6,81.4,<35,,,86.4,,84.4,,15.6,,,97.4,38.6,2.62,61.4,<0.5,4.31,>99.5,89,<0.5,2,292
293,193033,Clinical and counseling psychologists,193033,71730,51.25,106600,detailed,cross-industry,<10,,>75,<40,>50,<15,,,,<10,46.8,<0.5,53.2,<10,<0.5,32.6,14.5,1.07,85.5,37.7,6.47,1.1,<25,<0.5,2,293
294,319093,Medical equipment preparers,319093,66790,22.79,47410,detailed,cross-industry,,>99.5,12.1,71.9,49.3,,61.1,34.4,80.9,,98.8,15.3,<5,,,23.9,,,,<0.5,,90.3,87.9,<0.5,2,294
295,274011,Audio and video technicians,274011,66700,28.49,59260,detailed,cross-industry,50.3,>99.5,82.1,67.4,57.1,<0.5,36.7,32.9,98.3,,84.8,21.7,15.2,,,28.6,,,,7.5,,,17.9,,2,295
296,172011,Aerospace engineers,172011,66660,64.58,134330,detailed,cross-industry,<0.5,<20,>99.5,<5,>99.5,<0.5,98.1,98.1,<20,<20,10.9,<5,89.1,<0.5,<20,<0.5,,,96.5,,7.93,,<0.5,<0.5,2,296
297,439051,"Mail clerks and mail machine operators, except postal service",439051,66600,18.45,38370,detailed,cross-industry,3.9,93.6,29.7,,,<5,58.2,,>85,59.5,85.1,17,14.9,28.8,30.7,18.8,60.4,4.61,39.6,<0.5,3.02,91.2,70.3,<0.5,2,297
298,173029,"Engineering technologists and technicians, except drafters, all other",173029,66200,36.2,75290,detailed,cross-industry,,96.1,,,,,,,>85,76.9,95.8,<10,4.2,<0.5,76.9,,55.1,4.41,44.9,2.9,3.6,5.9,,<10,2,298
299,395094,Skincare specialists,395094,65270,24.57,51100,detailed,cross-industry,<20,>60,,,,,87.3,78.1,,11.5,70.1,19.1,,,,10.9,67.9,4.93,32.1,<0.5,2.26,86.7,,<0.5,2,299
300,331091,First-line supervisors of security workers,331091,64900,28.64,59580,detailed,cross-industry,86.8,,,,,<5,85.7,85,,12.8,,7.4,,<0.5,12.8,19,58,4.54,42,8.9,3.33,,,<0.5,2,300
301,119031,"Education and childcare administrators, preschool and daycare",119031,64090,29.48,61320,detailed,cross-industry,57.3,83.8,72.8,64.2,90.8,47.8,,39.3,79.4,28.2,57.3,<25,42.7,,,15.4,38.7,3.31,61.3,13.9,4.95,<0.5,27.2,<0.5,2,301
302,513099,"Food processing workers, all other",513099,63970,18.09,37630,detailed,cross-industry,<0.5,>90,<0.5,,,,,,97,,,,,,,,98.9,8.16,,<0.5,,>99.5,>99.5,<0.5,2,302
303,173022,Civil engineering technologists and technicians,173022,63560,30.66,63770,detailed,cross-industry,84.1,59.4,74.9,49,96.1,7.6,52.4,52.4,49.3,12.8,55.2,4.4,44.8,<0.5,12.8,79.7,31.5,2.53,68.5,16.3,5.49,28,25.1,<5,2,303
304,132061,Financial examiners,132061,63440,47.18,98140,detailed,cross-industry,,,,,,,,,,,,,76.7,,,,,,,,,,,,2,304
305,514021,"Extruding and drawing machine setters, operators, and tenders, metal and plastic",514021,63370,21.85,45440,detailed,cross-industry,<20,>80,,,16.2,23.2,78.4,72.7,77.8,,,24.8,,,,21.6,79.9,8.03,20.1,<0.5,,93.8,,<0.5,2,305
306,131075,Labor relations specialists,131075,62800,45.49,94620,detailed,cross-industry,48.9,,>99.5,<40,>99.5,<0.5,,,,,,<40,,,,53.4,,,,,,,<0.5,<40,2,306
307,193034,School psychologists,193034,62790,44.22,91990,detailed,cross-industry,18.4,58.9,85.7,27.5,69.1,<15,90.5,78.3,53.2,4.5,51.3,4.3,48.7,<0.5,4.5,34.7,26.9,2.02,73.1,27.8,5.54,<10,14.3,<0.5,2,307
308,433061,Procurement clerks,433061,61580,23.05,47940,detailed,cross-industry,0.8,43.9,95.2,17.2,>90,<0.5,86.6,86.1,34.1,24.1,44,4.7,56,3.4,20.7,5.4,13.8,1.11,86.2,1.4,6.93,72.1,4.8,<0.5,2,308
309,517042,"Woodworking machine setters, operators, and tenders, except sawing",517042,61250,19.4,40360,detailed,cross-industry,23.5,>90,1.4,71.8,,<35,,28.2,96.9,,,15,32.7,,,35,96.9,8.49,,<0.5,,92.4,98.6,<0.5,2,309
310,251081,"Education teachers, postsecondary",251081,60860,*,80750,detailed,cross-industry,<5,57.4,93.3,<5,86.7,<5,98.1,98.1,38.2,16.3,38.8,<0.5,61.2,,,7.8,32.1,2.07,67.9,20.7,4.42,12.2,6.7,<0.5,2,310
311,151243,Database architects,151243,59920,65.88,137030,detailed,cross-industry,<0.5,17.3,>99.5,<10,>99.5,<0.5,97.7,97.7,,<5,53.7,<0.5,,<0.5,<5,<0.5,7.3,0.58,92.7,<50,7.39,2.1,<0.5,<0.5,2,311
312,419031,Sales engineers,419031,59340,62.77,130550,detailed,cross-industry,16,21.9,>70,<10,>80,<0.5,97.1,97.1,,<0.5,,<10,,<0.5,<0.5,,31.2,2.52,68.8,12.8,5.57,<0.5,<30,<0.5,2,312
313,211094,Community health workers,211094,58550,25.3,52610,detailed,cross-industry,35.8,43.3,91,34.4,88.1,11.3,84.7,72.6,34.7,9.3,40.3,,59.7,,,72.3,,,,,,,9,<0.5,2,313
314,211029,"Social workers, all other",211029,58460,33.08,68800,detailed,cross-industry,30.2,36.5,93.2,<15,92.2,<40,98.6,91.3,7.3,<5,47.5,<5,52.5,<5,<0.5,63.3,20.3,1.55,79.7,20.1,6.04,32.9,6.8,<0.5,2,314
315,492094,"Electrical and electronics repairers, commercial and industrial equipment",492094,58320,33.56,69810,detailed,cross-industry,47,97.3,17,95.3,96.9,,20.1,7.9,>90,76.5,75.7,15.3,24.3,<0.5,76.5,46.2,,,,12.5,,39.1,83,10.4,2,315
316,514111,Tool and die makers,514111,58150,29.82,62020,detailed,cross-industry,<0.5,96.9,36.9,,,,,,>90,,84.9,,15.1,,,6.7,78.7,6.53,21.3,,1.73,,63.1,,2,316
317,499043,"Maintenance workers, machinery",499043,58040,28.13,58500,detailed,cross-industry,42,98.2,6.6,98.5,73,53.8,4.9,7.9,88.7,83.5,83.2,21.3,16.8,<10,>65,38.5,83.2,7.72,16.8,7.5,1.48,65.6,93.4,14.2,2,317
318,211091,Health education specialists,211091,57800,33.55,69790,detailed,cross-industry,6.1,83.6,97,,92,13.4,,,73.2,,67.2,3.1,32.8,,,,48.2,3.91,51.8,<15,4.13,11.3,3,<5,2,318
319,251123,"English language and literature teachers, postsecondary",251123,57600,*,87090,detailed,cross-industry,<0.5,57.9,>95,10,>95,<0.5,95.8,94.4,27.5,5.9,35.1,<0.5,64.9,,,<5,,,,38.2,,9.8,<5,<0.5,2,319
320,519041,"Extruding, forming, pressing, and compacting machine setters, operators, and tenders",519041,57080,21.45,44610,detailed,cross-industry,<10,>85,<20,,,20.1,,,,,76.1,,,,,,92.3,7.89,,<0.5,,99.3,>80,,2,320
321,212011,Clergy,212011,56640,30.64,63720,detailed,cross-industry,28.4,51.6,,39.9,87.1,16.6,75.2,73.7,,39.5,40.8,,59.2,,,41.4,,,,23.7,,12.9,,<0.5,2,321
322,173031,Surveying and mapping technicians,173031,56050,26,54090,detailed,cross-industry,51.3,81.1,69.4,,90.5,7.6,,,76.6,11.3,,3.7,,,,,,,,9.9,,,30.6,<0.5,2,322
323,194031,Chemical technicians,194031,55880,29.29,60920,detailed,cross-industry,<10,>55,,,,,,,,,69.6,,30.4,,,6.2,41.1,,58.9,<0.5,,84.7,,<0.5,2,323
324,292031,Cardiovascular technologists and technicians,292031,55660,33.79,70270,detailed,cross-industry,<0.5,96.7,,,,,,,93.1,,91.2,,8.8,,,16.9,,,,,,,,,2,324
325,519032,"Cutting and slicing machine setters, operators, and tenders",519032,52720,21.49,44700,detailed,cross-industry,13.8,75.9,<0.5,78.2,31.8,26.7,54.4,,75.9,34.5,36.6,12.9,63.4,<0.5,34.5,36.9,95.4,7.87,4.6,<0.5,0.42,99.2,>99.5,<5,2,325
326,319094,Medical transcriptionists,319094,52420,18.79,39090,detailed,cross-industry,<0.5,,95.9,<25,95.5,<10,,,,<0.5,,<0.5,,<0.5,<0.5,<10,33.2,2.12,66.8,<0.5,4.93,89.3,4.1,<0.5,2,326
327,331011,First-line supervisors of correctional officers,331011,52280,36.94,76840,detailed,cross-industry,80.7,86.5,25.4,87.6,23.4,41.8,24.4,22.5,>80,53,72.1,45.7,27.9,1.6,51.3,51.9,,,,,,,74.6,17.8,2,327
328,251042,"Biological science teachers, postsecondary",251042,52050,*,102270,detailed,cross-industry,<0.5,62.1,86.8,10.3,80.4,29.2,97.6,97.6,54.8,1.3,43.8,,56.2,<0.5,1.3,<5,37,2.45,63,,4.16,,13.2,<0.5,2,328
329,273091,Interpreters and translators,273091,51560,30.33,63080,detailed,cross-industry,6.6,,85.8,6.1,29.7,9.2,93.9,93.9,,,79.7,<0.5,,,,4.4,34,2.14,66,<0.5,3.57,78,14.2,<0.5,2,329
330,435111,"Weighers, measurers, checkers, and samplers, recordkeeping",435111,51250,21.27,44240,detailed,cross-industry,11.8,,,,86.8,5.5,85.1,79.5,,,,3.9,,,,,48.7,3.06,51.3,<0.5,3.25,95.7,,<5,2,330
331,271011,Art directors,271011,51200,60.54,125920,detailed,cross-industry,,,>95,,>99.5,<0.5,,,,,,<0.5,66.2,,,9.8,13.7,1.05,86.3,,6.74,,<5,<0.5,2,331
332,171022,Surveyors,171022,50740,35.58,74000,detailed,cross-industry,80.3,,82.2,,>99.5,<40,75.4,76.1,,,77.1,10.6,,,,81.8,,,,,,,17.8,<0.5,2,332
333,119039,"Education administrators, all other",119039,50690,48.42,100720,detailed,cross-industry,5.7,,,21.7,,<5,94.5,78.8,,,72.7,2.6,27.3,,,15.5,,,,,,,,<0.5,2,333
334,132081,"Tax examiners and collectors, and revenue agents",132081,50250,31.43,65370,detailed,cross-industry,<15,30.7,74.3,7.7,86.5,<0.5,94.1,92.3,23.9,<0.5,44.2,,55.8,<0.5,<0.5,31.5,12.7,1.02,87.3,<35,6.98,22.7,25.7,<0.5,2,334
335,251022,"Mathematical science teachers, postsecondary",251022,48230,*,95320,detailed,cross-industry,<10,41.6,96.4,<5,>95,<0.5,>99.5,>99.5,30.7,28.7,44.7,<5,55.3,10.7,17.9,<10,,,,,,,3.6,<0.5,1,335
336,273042,Technical writers,273042,47970,41.64,86620,detailed,cross-industry,,,,<25,,<5,,,,,61.6,<0.5,,,,9.4,,,,,,,,<0.5,1,336
337,499012,"Control and valve installers and repairers, except mechanical door",499012,47780,34.79,72360,detailed,cross-industry,>95,>99.5,15.6,>99.5,63.4,65.8,<15,<15,>99.5,68.2,77.9,,22.1,<0.5,68.2,>85,77.1,6.24,22.9,<10,1.84,64.5,84.4,15.1,1,337
338,132031,Budget analysts,132031,47310,43.69,90880,detailed,cross-industry,<0.5,38.9,>99.5,3.8,>99.5,<0.5,>99.5,97.5,35.1,5.2,,<0.5,52.8,<5,<10,8.8,7.8,0.62,92.2,,7.2,,<0.5,<0.5,1,338
339,312011,Occupational therapy assistants,312011,46090,32.78,68170,detailed,cross-industry,,,,98.6,20.9,96.5,12,2.2,,,67.3,20.1,,,,,58.1,,41.9,,2.52,,,<0.5,1,339
340,273023,"News analysts, reporters, and journalists",273023,45020,48.76,101430,detailed,cross-industry,90.1,67.1,76.8,37.9,64.9,<5,68.5,64.9,61.2,,33.7,<5,66.3,,,82.7,47.8,3.73,52.2,,4.02,30.3,23.2,<0.5,1,340
341,173013,Mechanical drafters,173013,44850,33.62,69920,detailed,cross-industry,16.8,61.5,>90,29.3,>95,<0.5,70.7,70.7,,,74.2,26.9,,,,39.8,8.6,0.71,91.4,32.6,7.74,7.4,<10,,1,341
342,537063,Machine feeders and offbearers,537063,44500,19.71,41000,detailed,cross-industry,<30,>95,<0.5,70.7,<30,12.8,80.2,55.5,98.6,35,37.8,,36.7,<0.5,,18.7,97.4,8.34,,<0.5,,>99.5,>99.5,<0.5,1,342
343,432011,"Switchboard operators, including answering service",432011,43830,19.24,40020,detailed,cross-industry,<5,31,64.4,<5,24.2,<10,>99.5,>99.5,27.6,<0.5,,<5,62.6,<0.5,<0.5,<5,4.1,0.32,95.9,<0.5,7.48,>99.5,35.6,<0.5,1,343
344,517041,"Sawing machine setters, operators, and tenders, wood",517041,43570,19.29,40120,detailed,cross-industry,20.8,88.7,1.6,79.5,13.1,<5,,22.5,88.7,,,16.5,51.8,,,16.2,86.5,7.62,,<5,,98.4,98.4,,1,344
345,472071,"Paving, surfacing, and tamping equipment operators",472071,43080,26.53,55170,detailed,cross-industry,>95,>80,16.7,70.9,,67.6,32.4,29.1,,,82.7,<50,17.3,,,>90,37.8,3.33,62.2,<0.5,5.35,88.4,83.3,9.7,1,345
346,193051,Urban and regional planners,193051,42690,41.32,85940,detailed,cross-industry,52,41.4,86.2,18.4,>99.5,<5,85.5,82.9,35.1,9.8,45,11.5,55,,,62.8,21.2,1.55,78.8,32.2,6.03,5.1,13.8,<10,1,346
347,312022,Physical therapist aides,312022,42390,16.74,34810,detailed,cross-industry,<40,94,4.8,>85,52,74.3,,,94,63.3,68.4,64.5,,<10,,,74.2,,25.8,<0.5,1.63,>99.5,95.2,,1,347
348,537021,Crane and tower operators,537021,42260,32.71,68040,detailed,cross-industry,76.3,86.5,6.6,53.3,9.1,6.7,48.5,46.7,>65,76.4,,17.5,39.5,<20,>50,49.6,50.3,4.97,49.7,<0.5,4.67,89,93.4,<0.5,1,348
349,119081,Lodging managers,119081,41980,36.92,76790,detailed,cross-industry,57.3,63.1,89.9,23.9,>85,12.2,79.8,81.1,54.9,16.1,46.8,<0.5,53.2,,,40.7,49.3,4.31,50.7,35.9,4.37,<20,10.1,<0.5,1,349
350,113131,Training and development managers,113131,41540,66.56,138450,detailed,cross-industry,2.4,37.7,91.7,11,99,2.2,98.4,95.2,25.5,9.9,43.8,<10,56.2,,,12.6,16.2,1.31,83.8,,6.61,,8.3,<5,1,350
351,292035,Magnetic resonance imaging technologists,292035,41340,41.64,86600,detailed,cross-industry,<0.5,97.3,16.3,81.3,29.6,59.2,,,97.3,54,87.3,,12.7,,,18.6,53,4.13,47,4.8,3.85,36,83.7,<0.5,1,351
352,251066,"Psychology teachers, postsecondary",251066,40610,*,93990,detailed,cross-industry,<0.5,36.3,>99.5,<15,,<0.5,95.1,95.1,29.1,0.9,,<0.5,,<0.5,0.9,<0.5,,,,,,,<0.5,<0.5,1,352
353,172081,Environmental engineers,172081,39880,50.89,105840,detailed,cross-industry,67.2,,96.7,20.3,>99.5,,86.2,82.9,,,64.3,2,35.7,,,,,,,,,,3.3,<0.5,1,353
354,499044,Millwrights,499044,37930,30.92,64310,detailed,cross-industry,,>99.5,,>99.5,,23.2,<0.5,,>99.5,97.1,91.7,20.1,,<0.5,97.1,,,,,14.6,,,,,1,354
355,439022,Word processors and typists,439022,37200,22.68,47170,detailed,cross-industry,<0.5,40.2,>50,4.6,75.9,<0.5,>99.5,96.3,27.8,<40,32.4,<0.5,67.6,<0.5,<40,<0.5,11.3,0.87,88.7,<0.5,6.75,>99.5,<50,<0.5,1,355
356,253011,"Adult basic education, adult secondary education, and english as a second language instructors",253011,36890,31.46,65430,detailed,cross-industry,<0.5,63.9,,14.3,50.7,<0.5,87.6,86.3,,14.5,39.8,,60.2,,,22,52.9,2.9,47.1,9.5,2.86,27.7,,<0.5,1,356
357,251021,"Computer science teachers, postsecondary",251021,36150,*,106380,detailed,cross-industry,<0.5,49.8,>95,<0.5,93.2,<0.5,>99.5,>99.5,12.8,27.7,16.7,<0.5,83.3,,,<0.5,27.1,1.85,72.9,35.4,5.55,<10,<5,<0.5,1,357
358,493053,Outdoor power equipment and other small engine mechanics,493053,36080,21.72,45180,detailed,cross-industry,,>99.5,8.6,,,,,,>99.5,94.6,>99.5,,<0.5,<0.5,94.6,88.9,67.3,,32.7,4.2,,,91.4,,1,358
359,535021,"Captains, mates, and pilots of water vessels",535021,34520,47.03,97820,detailed,cross-industry,97.5,,39.3,,,44.2,,58.5,,39.5,64.8,10,,,,17.2,36.6,3.88,63.4,36.2,6.38,,60.7,<0.5,1,359
360,518021,Stationary engineers and boiler operators,518021,33840,35.18,73170,detailed,cross-industry,,>99.5,,,,,,,99,,,,,,,,,,,,,,,,1,360
361,394021,Funeral attendants,394021,32620,16.92,35200,detailed,cross-industry,96.5,90.3,24.1,81.8,61.6,,,39.4,>75,,,12.9,,,,83,73.3,3.29,26.7,<0.5,1.28,>99.5,75.9,<0.5,1,361
362,194042,"Environmental science and protection technicians, including health",194042,32390,27.63,57470,detailed,cross-industry,87,87.4,48.6,>90,>85,55.4,17.5,17.3,68.7,36.3,67.4,,32.6,16.5,19.8,73.2,50.5,4.13,49.5,<20,4.04,37,51.4,,1,362
363,311133,Psychiatric aides,311133,32310,19.71,41000,detailed,cross-industry,,87.2,6.7,>95,15.9,,,9.2,>70,67.6,72.7,45.5,27.3,<0.5,,37.6,76.9,6.14,23.1,<5,1.83,94,93.3,<5,1,363
364,112033,Fundraising managers,112033,31810,64.24,133620,detailed,cross-industry,3.8,52.8,>99.5,<0.5,>99.5,<0.5,>99.5,>99.5,43.6,<0.5,56,<0.5,44,<0.5,<0.5,26.5,13.5,1.07,86.5,31.1,6.84,<0.5,<0.5,<0.5,1,364
365,119072,"Entertainment and recreation managers, except gambling",119072,29690,40.42,84080,detailed,cross-industry,70.6,54.3,83.1,42.3,>95,,70.4,65.4,,53.1,,3.3,,,,74.1,53,4.34,47,22.5,3.77,21.3,16.9,<5,1,365
366,299091,Athletic trainers,299091,28480,*,61540,detailed,cross-industry,88.6,98.9,24.2,>90,36.5,53.5,,,98.9,,69.5,,30.5,,,47.7,,,,,,,75.8,,1,366
367,519162,Computer numerically controlled tool programmers,519162,28030,32.52,67650,detailed,cross-industry,<5,79.3,31.1,23.3,,20.3,82.2,81.3,>65,,50.1,10.8,47.9,,,7.6,62.9,5.22,37.1,4.3,3.11,48.3,68.9,<0.5,1,367
368,132071,Credit counselors,132071,27950,25.69,53440,detailed,cross-industry,<5,,,,,<0.5,,,,,,,,,,,,,,14.1,,,,,1,368
369,195012,Occupational health and safety technicians,195012,27270,30.89,64250,detailed,cross-industry,54.3,77.5,30,68.1,77.1,18.8,58.7,48.1,68.8,52.4,47.2,,52.8,1.8,50.6,71.4,46.4,3.76,53.6,,4.32,,70,6.6,1,369
370,274012,Broadcast technicians,274012,26190,34.43,71600,detailed,cross-industry,,84.9,,,,<5,,,>60,,79.2,<10,,,,,27.5,,72.5,16.3,3.8,21.8,,,1,370
371,391013,First-line supervisors of gambling services workers,391013,25100,29.86,62110,detailed,cross-industry,<0.5,86.5,,,,<0.5,83.8,83.5,>60,44,60.2,,39.8,<0.5,44,,79.6,6.37,20.4,<30,1.63,,,<0.5,1,371
372,394031,"Morticians, undertakers, and funeral arrangers",394031,24200,27.9,58020,detailed,cross-industry,90.2,87.3,,71.5,75.4,,34.4,32.2,85.2,24.2,67.8,8.1,32.2,3.3,20.9,95.7,49.2,3.09,50.8,14.9,3.17,56.3,,<0.5,1,372
373,172111,"Health and safety engineers, except mining safety engineers and inspectors",172111,22510,52.28,108740,detailed,cross-industry,,,,,,,,,,,,,,,,,45.5,3.66,54.5,,4.4,,,,1,373
374,492091,Avionics technicians,492091,21280,37.06,77080,detailed,cross-industry,,>95,,,84.5,,,,97.4,,97.8,,2.2,,,8.6,62.4,,37.6,13,3.07,,,13.9,1,374
375,514051,Metal-refining furnace operators and tenders,514051,20870,26.13,54340,detailed,cross-industry,27,95.4,<20,79.6,19.8,22.8,50.9,43,95.4,51.7,65.8,18.8,32.7,7.1,44.6,39.7,81.8,7.19,18.2,<0.5,1.68,93.5,>80,<15,1,375
376,112011,Advertising and promotions managers,112011,20630,73.38,152620,detailed,cross-industry,,,>75,9.4,>99.5,<0.5,91.9,90.6,,9.4,,,,<0.5,9.4,35.7,26.3,2.11,73.7,6.6,5.89,<0.5,<25,<0.5,1,376
377,251126,"Philosophy and religion teachers, postsecondary",251126,20320,*,89680,detailed,cross-industry,<0.5,,>95,<0.5,>99.5,<0.5,>99.5,>99.5,,<40,31.8,<0.5,68.2,<40,<0.5,<0.5,31.4,2.37,68.6,<45,5.15,<20,<5,<0.5,1,377
378,291218,Obstetricians and gynecologists,291218,19820,133.97,278660,detailed,cross-industry,<0.5,95.9,28.7,57.1,48.1,,86.7,65.7,>90,20.8,76.1,23.9,23.9,3.7,17.1,22.7,,,,7.1,,<15,71.3,<0.5,1,378
379,331099,"First-line supervisors of protective service workers, all other",331099,19620,32.63,67870,detailed,cross-industry,88.3,74.7,32.4,,30.4,25.9,,,71.2,14.6,75.9,,24.1,,,38.4,35.8,2.79,64.2,7.6,5,58.1,67.6,,1,379
380,392011,Animal trainers,392011,19240,21.59,44910,detailed,cross-industry,>70,>99.5,<35,>99.5,9.1,80.7,4.8,<10,96.6,>50,76.5,<15,,,,10.1,90,6.11,10,<0.5,0.78,95.3,>65,<0.5,1,380
381,474061,Rail-track laying and maintenance equipment operators,474061,18770,32.37,67330,detailed,cross-industry,>99.5,>99.5,,>99.5,13.6,,<0.5,19.6,97.6,,,34.6,,,,98.4,77.1,6.17,22.9,2,1.83,98,,,1,381
382,113111,Compensation and benefits managers,113111,18690,72.57,150940,detailed,cross-industry,<0.5,38.3,>99.5,6.8,>99.5,<0.5,98.2,97.8,27.8,1.8,,<0.5,56.3,<0.5,<5,7.4,,,,,,,<0.5,<0.5,1,382
383,192012,Physicists,192012,18350,76.09,158270,detailed,cross-industry,<0.5,84.6,88.8,,95.4,21.5,,,>65,,76,,24,,,,32.8,2.71,67.2,2.1,5.12,<0.5,11.2,,1,383
384,475023,"Earth drillers, except oil and gas",475023,18010,28.97,60250,detailed,cross-industry,>99.5,>99.5,<5,>95,<45,,<10,<10,>99.5,96.3,,,,<40,>55,>95,,,,12.9,,,>95,,1,384
385,472171,Reinforcing iron and rebar workers,472171,17400,28.99,60290,detailed,cross-industry,97.6,>99.5,<0.5,>80,25,31.3,<45,15.6,>99.5,>50,81,55.1,,<0.5,,<20,98.6,8.49,,<5,,98.5,>99.5,,1,385
386,493092,Recreational vehicle service technicians,493092,17360,24.37,50690,detailed,cross-industry,92.2,>99.5,10.7,>99.5,87.2,75.3,0.7,<0.5,98.8,>99.5,86.6,56.7,13.4,<15,94.5,95.5,84.9,6.86,15.1,,1.23,32.3,89.3,32,1,386
387,251065,"Political science teachers, postsecondary",251065,17090,*,104910,detailed,cross-industry,<0.5,36.2,97.4,<0.5,>90,<0.5,>99.5,>99.5,32.7,5.7,38,<0.5,62,<5,<10,<15,31.7,2.4,68.3,24.5,5.01,<0.5,2.6,<0.5,1,387
388,291124,Radiation therapists,291124,16640,50.2,104420,detailed,cross-industry,<5,96.5,43.1,72,,59.3,63.2,43.7,>70,,67,20.5,,,,,,,,,,,56.9,<0.5,1,388
389,292033,Nuclear medicine technologists,292033,16560,45.71,95080,detailed,cross-industry,<0.5,96.1,,79.1,,78.4,,,92.7,,58.4,,41.6,,,,,,,,,,,,1,389
390,395011,Barbers,395011,15990,19.99,41570,detailed,cross-industry,,81.9,<25,,33.1,>85,95.4,,78.9,,83,<25,17,,,90.4,87.8,6.76,12.2,<0.5,0.89,94.5,>75,<0.5,1,390
391,472082,Tapers,472082,15560,33.32,69300,detailed,cross-industry,32,95.9,<0.5,>99.5,71.3,52.7,17.2,<15,95.9,>95,75.7,,24.3,<5,95.9,17.4,97.5,7.94,2.5,<0.5,0.2,90.4,>99.5,13.2,1,391
392,291125,Recreational therapists,291125,15540,29.28,60910,detailed,cross-industry,61,93.6,,88.8,61.1,45.9,30.7,22.2,92.7,64.6,70.8,16.5,29.2,1,63.7,18.5,,,,,,,,<5,1,392
393,173024,Electro-mechanical and mechatronics technologists and technicians,173024,15360,34.82,72430,detailed,cross-industry,8.3,75.8,30.7,70.5,78.3,13.8,43,,>55,63.1,77.4,,22.6,2.3,60.8,37.3,58.7,4.67,41.3,6.6,3.31,31.5,69.3,8.9,1,393
394,519192,"Cleaning, washing, and metal pickling equipment operators and tenders",519192,15210,19.95,41500,detailed,cross-industry,,94.1,3.4,88.5,9.7,80.2,,13.6,93.9,84.2,83.5,7.9,,,,,93.4,7.49,6.6,<0.5,0.53,>99.5,96.6,<15,1,394
395,194013,Food science technicians,194013,15190,25.96,54000,detailed,cross-industry,,,,,,,,,,,56.7,,43.3,,,<10,,,,,,,,,1,395
396,272023,"Umpires, referees, and other sports officials",272023,14840,*,44860,detailed,cross-industry,74.3,86.1,<15,68.6,23.7,<35,50.3,43.8,>65,68.1,54.7,<15,31.5,<15,>50,<40,97.5,4.26,2.5,<0.5,0.12,81.2,>85,<0.5,1,396
397,519051,"Furnace, kiln, oven, drier, and kettle operators and tenders",519051,14820,22.86,47540,detailed,cross-industry,24.2,83.8,18.7,77.8,47.7,10,43.4,32.1,83,49.8,63.4,12,35.5,3.4,46.4,29.6,83.8,7.06,16.2,<0.5,1.48,84.9,81.3,1.4,1,397
398,499094,Locksmiths and safe repairers,499094,14790,25.06,52130,detailed,cross-industry,84.4,>80,,87.6,92.2,13,17.2,16.5,,62.4,95.9,12.5,<10,<5,,86.6,59.6,4.76,40.4,17.6,3.23,52.4,,<0.5,1,398
399,393093,"Locker room, coatroom, and dressing room attendants",393093,14720,16.63,34590,detailed,cross-industry,54.7,98.4,1.6,85.3,33.5,70.3,44.2,20.2,95.1,85.8,87.2,11.4,12.1,20.6,65.1,14.4,79,5.7,21,<0.5,1.51,>99.5,98.4,<0.5,1,399
400,274014,Sound engineering technicians,274014,14600,35.62,74100,detailed,cross-industry,,,,,,<0.5,,,,,73.6,<5,,,,4.1,,,,,,,,1.2,1,400
401,517021,Furniture finishers,517021,14380,20.43,42490,detailed,cross-industry,12,92.9,8.9,85.1,71.4,57.6,24.4,23.4,89,39,86.8,16.6,,3.4,35.6,11.8,93.6,7.62,6.4,<15,0.51,57.2,91.1,<10,1,401
402,493052,Motorcycle mechanics,493052,14330,23.06,47960,detailed,cross-industry,91.4,>95,11.2,95.5,90,61.6,4.9,7.9,91.7,36,95.8,24,4.2,<0.5,36,>90,79.1,6.28,20.9,<10,1.67,60.3,88.8,,1,402
403,332021,Fire inspectors and investigators,332021,14200,39.67,82510,detailed,cross-industry,97.1,>99.5,18.3,>99.5,52.7,53.4,3,13.1,97.6,88,78.3,37.7,21.7,<15,>70,96.4,61.4,5.25,38.6,,3.2,,81.7,29.5,1,403
404,119171,Funeral home managers,119171,14200,40.77,84800,detailed,cross-industry,84.8,83.5,87.9,,96.6,18.1,77.9,,>65,21.9,,,69,,,,48.2,4.46,51.8,17,4.7,6.2,12.1,<0.5,1,404
405,191012,Food scientists and technologists,191012,14100,42.48,88350,detailed,cross-industry,15.1,72.5,77.4,49,93.9,55.2,59.5,54.4,68,29.4,59.9,5.1,40.1,11.7,17.7,16.5,42.5,3.47,57.5,14.3,4.67,17.4,22.6,<15,1,405
406,251054,"Physics teachers, postsecondary",251054,14030,*,106950,detailed,cross-industry,2.3,29.1,>95,<0.5,>90,1.9,>99.5,>99.5,16.3,13.5,35.2,<0.5,64.8,,,1.1,45.6,3.26,54.4,26.2,3.94,<5,<5,<0.5,1,406
407,514035,"Milling and planing machine setters, operators, and tenders, metal and plastic",514035,13990,24.05,50020,detailed,cross-industry,2.2,94.5,3.5,64.7,,16.6,54.9,56,>85,,74.6,38.1,25.4,,,25.2,87.7,7.42,12.3,1.9,1.03,89.8,96.5,,1,407
408,291181,Audiologists,291181,13880,44.53,92620,detailed,cross-industry,<15,77.6,93.1,,73.1,28.1,92.6,86.7,69.8,,43.4,,56.6,,,,,,,,,,6.9,<0.5,1,408
409,173025,Environmental engineering technologists and technicians,173025,13780,28.26,58780,detailed,cross-industry,67.2,72.9,66.1,70.4,89.1,47.5,53.8,32.3,>50,47.1,86.2,18.5,13.8,8.8,38.2,51.8,,,,,,,33.9,,1,409
410,251111,"Criminal justice and law enforcement teachers, postsecondary",251111,13390,*,83470,detailed,cross-industry,<0.5,43.9,97.9,<5,80.9,<5,99.5,99.5,36.5,<10,,<0.5,48.7,<10,<0.5,<0.5,,,,22.9,,5.2,2.1,<0.5,1,410
411,251193,"Recreation and fitness studies teachers, postsecondary",251193,13270,*,87340,detailed,cross-industry,20.6,71.1,74.8,54.8,92.8,<0.5,50.9,52.6,41.4,52.9,49.9,5.6,50.1,18.7,34.2,<15,52.8,3.74,47.2,33.4,3.3,<25,25.2,<5,1,411
412,251067,"Sociology teachers, postsecondary",251067,12870,*,97580,detailed,cross-industry,<0.5,67,>99.5,<0.5,>95,<0.5,>99.5,>99.5,39.9,,,<0.5,54.6,,,1.7,31.9,2.32,68.1,32.6,4.73,<5,<0.5,<0.5,1,412
413,172161,Nuclear engineers,172161,12710,61.03,126950,detailed,cross-industry,,,>99.5,,85.7,<0.5,,,,,52.9,,47.1,,,,,,,,,,<0.5,,1,413
414,254013,Museum technicians and conservators,254013,12670,26.39,54890,detailed,cross-industry,13.7,99.1,65.9,82.1,>80,21.4,29.1,20.7,>70,79.4,72,6.1,28,<30,>50,15,52.9,3.82,47.1,5.4,3.34,22.1,34.1,<5,1,414
415,433041,Gambling cage workers,433041,12560,17.67,36750,detailed,cross-industry,<0.5,88.2,20,32.8,10.4,<0.5,73.5,67.4,86.6,16.4,98.2,9.9,<5,<0.5,16.4,<0.5,85.5,6.83,14.5,<0.5,1.15,95.2,80,<0.5,1,415
416,254012,Curators,254012,12510,34.07,70870,detailed,cross-industry,28.5,76.2,85.2,58.5,>80,8.9,47,44.3,70.8,51,70.3,3.3,29.7,3.4,47.6,42.1,38.3,2.84,61.7,15.3,4.66,3,14.8,<0.5,1,416
417,519191,Adhesive bonding machine operators and tenders,519191,12510,21.35,44400,detailed,cross-industry,<10,88.2,<15,63.2,33.2,14.8,57.3,62.2,>70,49.3,83.1,19.4,16.9,2.3,47,11.7,95.2,7.94,4.8,<0.5,0.39,90.6,>85,<0.5,1,417
418,251063,"Economics teachers, postsecondary",251063,12210,*,133650,detailed,cross-industry,<0.5,54.6,>95,<0.5,>99.5,<0.5,>99.5,>99.5,51.1,4.4,38.2,<0.5,61.8,<10,<0.5,<5,,,,,,,<5,<0.5,1,418
419,373019,"Grounds maintenance workers, all other",373019,11980,22.37,46540,detailed,cross-industry,,>95,27.5,>99.5,87.7,,,<5,99,>85,,,,<5,,95.5,82.7,6.11,17.3,<0.5,1.32,96.1,72.5,<10,1,419
420,119161,Emergency management directors,119161,11910,45.05,93690,detailed,cross-industry,44.7,41.7,76.2,11.1,82,8.4,92.1,89,39.8,8,44,5.3,56,<0.5,<15,57.8,26.5,2.07,73.5,,5.75,,23.8,<0.5,1,420
421,512021,"Coil winders, tapers, and finishers",512021,11900,22.13,46020,detailed,cross-industry,<0.5,>85,6.9,,,8,94.4,93.7,,,97.4,3.9,2.6,,,10.2,75,7.29,25,<0.5,2.14,95.9,93.1,<0.5,1,421
422,514071,Foundry mold and coremakers,514071,11780,21.7,45130,detailed,cross-industry,5.6,,1.8,,14.8,11,54.2,,,,,17.7,,,,25.9,93.4,7.88,6.6,<0.5,0.54,99.2,98.2,<0.5,1,422
423,251051,"Atmospheric, earth, marine, and space sciences teachers, postsecondary",251051,11770,*,111930,detailed,cross-industry,5.6,72.8,,0.8,>60,<10,99.2,99.2,58.4,14.4,84.4,<0.5,15.6,,,<0.5,,,,,,,,<0.5,1,423
424,251113,"Social work teachers, postsecondary",251113,11730,*,80840,detailed,cross-industry,<0.5,15.2,>75,<0.5,,<0.5,>99.5,>99.5,14.2,<15,,<0.5,,<15,<0.5,6.4,,,,,,,<25,<0.5,1,424
425,251062,"Area, ethnic, and cultural studies teachers, postsecondary",251062,11570,*,100390,detailed,cross-industry,<0.5,15,>99.5,<5,>99.5,<0.5,>99.5,>99.5,,<0.5,,<5,,<0.5,<0.5,<5,17.7,1.08,82.3,11.2,6.18,12.6,<0.5,<0.5,1,425
426,533011,"Ambulance drivers and attendants, except emergency medical technicians",533011,11520,16.55,34420,detailed,cross-industry,>99.5,97.7,<0.5,>80,<0.5,43.7,20.5,15.2,87.8,,66.9,,,,,>99.5,32.3,3.17,67.7,<0.5,6.15,76.6,>99.5,<10,1,426
427,272041,Music directors and composers,272041,10770,42.23,87840,detailed,cross-industry,13.1,66.6,24.8,14.9,43.3,<0.5,88.5,87.2,>50,34.2,81.1,2.9,18.9,<10,,,44.3,2.18,55.7,,3.06,19.2,75.2,<5,1,427
428,519123,"Painting, coating, and decorating workers",519123,10700,21.18,44050,detailed,cross-industry,,94.5,<15,91.7,,,,,92.1,,,,,,,,96.2,7.56,,<0.5,,>99.5,>85,<0.5,1,428
429,339031,Gambling surveillance officers and gambling investigators,339031,10660,20.41,42460,detailed,cross-industry,0.7,,60.5,2.4,5,<0.5,>99.5,99,,21.3,,<5,,,,<0.5,,,90,4,7.14,92.3,39.5,<0.5,1,429
430,292092,Hearing aid specialists,292092,10250,29.59,61550,detailed,cross-industry,<0.5,>75,62.7,<0.5,>75,86.3,>99.5,>99.5,77.3,<15,88.5,<0.5,,<15,<0.5,<0.5,49.7,3.97,50.3,<0.5,4,28.4,37.3,<0.5,1,430
431,191041,Epidemiologists,191041,10230,43.48,90430,detailed,cross-industry,11.1,59.5,41.3,42.2,>95,64.2,85.4,57.8,23.8,1,49.9,,,<0.5,<5,32.2,,,,21,,<5,58.7,<0.5,1,431
432,271027,Set and exhibit designers,271027,10090,32.29,67170,detailed,cross-industry,1.3,,,,,,,,,,96.2,,3.8,,,,56.9,4.06,,,,,,,1,432
433,516062,"Textile cutting machine setters, operators, and tenders",516062,9760,17.81,37040,detailed,cross-industry,<5,92.8,3.3,83.3,69.7,1.1,,,>80,24,66.9,17.6,,1.5,22.5,21.3,83.1,6.93,16.9,<0.5,1.37,99.4,96.7,<0.5,1,433
434,291081,Podiatrists,291081,9470,78.14,162520,detailed,cross-industry,<0.5,67.1,33.8,83.3,51,,,,>50,27,85.7,15.2,14.3,2.7,24.2,46.3,51,4.07,49,12.4,4.15,<0.5,66.2,<0.5,1,434
435,514022,"Forging machine setters, operators, and tenders, metal and plastic",514022,9170,22.76,47350,detailed,cross-industry,3.5,97.9,4.6,53.5,,30.8,74.5,58.1,97.9,32.1,74.2,22.8,,<0.5,32.1,68.1,82.9,6.8,17.1,,1.41,77.2,95.4,<20,1,435
436,518012,Power distributors and dispatchers,518012,9040,50.7,105460,detailed,cross-industry,10,,65.9,13.2,,<0.5,,86.8,,,61,,,,,15.9,,,,,,,34.1,,1,436
437,531041,Aircraft cargo handling supervisors,531041,9020,31.23,64950,detailed,cross-industry,>95,>99.5,<0.5,,,<0.5,86.3,,>99.5,8.4,90.2,,,<0.5,8.4,,72.1,5.8,27.9,,2.24,5.1,>99.5,<10,1,437
438,492096,"Electronic equipment installers and repairers, motor vehicles",492096,8900,22.87,47570,detailed,cross-industry,4.8,>99.5,,>99.5,22.8,,<20,<0.5,>99.5,,,,,,,,,,,,,81.7,,,1,438
439,192032,Materials scientists,192032,8810,54.06,112440,detailed,cross-industry,<5,81.2,87.9,,>99.5,,85,83.9,,10,89.5,<15,10.5,,,6.3,,,,11,,<20,12.1,<0.5,1,439
440,131032,"Insurance appraisers, auto damage",131032,8670,36.37,75660,detailed,cross-industry,98.2,93.7,,97.5,>99.5,<0.5,,,,,,,,,,98.3,46.9,,53.1,,,,,<20,1,440
441,519194,Etchers and engravers,519194,8140,20.57,42780,detailed,cross-industry,<0.5,91.2,20.4,34,61,<5,76.8,72.3,>60,,50.5,4.5,,,,17.3,72.3,5.58,27.7,<0.5,2.15,88.3,79.6,<0.5,1,441
442,291128,Exercise physiologists,291128,8060,27.43,57050,detailed,cross-industry,<20,>99.5,49.4,,69.4,58,,,95.7,,81.8,,18.2,,,,68.9,5.81,31.1,,2.73,,50.6,,1,442
443,519031,"Cutters and trimmers, hand",519031,7220,18.88,39260,detailed,cross-industry,<15,96.3,<0.5,,,,89.9,86.8,>85,,,,,,,<0.5,96.4,8.04,,<0.5,,>99.5,>99.5,<0.5,1,443
444,439111,Statistical assistants,439111,7200,25.92,53900,detailed,cross-industry,<10,58.7,>99.5,27.6,>99.5,<0.5,98.8,98.8,,<40,35.3,<0.5,64.7,<40,<0.5,27.1,,,,<15,,44.7,<0.5,<0.5,1,444
445,254011,Archivists,254011,7150,31.59,65700,detailed,cross-industry,<0.5,68.4,86.6,43,>99.5,<0.5,63,61,58.4,35.1,51.3,8.8,48.7,6,29,15.8,27.8,2.19,72.2,34.5,5.59,8.6,13.4,<0.5,1,445
446,251053,"Environmental science teachers, postsecondary",251053,7120,*,100910,detailed,cross-industry,33.3,35.9,78.7,<20,,10.6,98.6,91.3,34.3,29.6,67.9,<0.5,32.1,,,<5,40.1,2.62,59.9,24.8,3.71,,21.3,<0.5,1,446
447,172151,"Mining and geological engineers, including mining safety engineers",172151,7040,50.7,105460,detailed,cross-industry,90.9,90.1,35.1,72.2,89.8,,28.9,32.4,>80,,,,,,,76.3,36.9,3.28,63.1,7.9,5.72,12.8,64.9,<0.5,1,447
448,291161,Nurse midwives,291161,6960,63.26,131570,detailed,cross-industry,<0.5,95.6,,82.1,,>99.5,40.4,33.7,95.6,33.9,84,23.2,16,<5,,20.5,61.3,5.2,38.7,37.7,3.2,,,<0.5,1,448
449,514194,"Tool grinders, filers, and sharpeners",514194,6660,23.33,48520,detailed,cross-industry,22.6,96.3,25.6,60.7,54.6,,73.9,55.8,95.7,45.7,77.9,24.4,,2.3,43.4,52.4,77.3,6.89,22.7,14.8,1.85,74.5,74.4,<0.5,1,449
450,519193,Cooling and freezing equipment operators and tenders,519193,6500,21.56,44840,detailed,cross-industry,,>60,4.8,,,95.4,,,,75.1,,,,<0.5,75.1,2,93.9,7.61,6.1,,0.5,,95.2,,1,450
451,393092,Costume attendants,393092,6300,28.96,60230,detailed,cross-industry,<20,,,,9.9,,,,,,>99.5,,<0.5,,,7.9,,,,<0.5,,87.1,,,1,451
452,514032,"Drilling and boring machine tool setters, operators, and tenders, metal and plastic",514032,5740,22.83,47490,detailed,cross-industry,<0.5,99.1,30.9,89.5,66.8,22.9,53.3,23.6,>95,51,75.1,30,,<5,,15.1,73.6,6.26,26.4,<0.5,2.28,92.1,69.1,<0.5,1,452
453,439081,Proofreaders and copy markers,439081,5490,24.57,51100,detailed,cross-industry,<0.5,19.8,>60,<0.5,>60,<0.5,>99.5,>99.5,4.2,<10,11.7,<0.5,,<0.5,<10,<0.5,3.9,0.31,96.1,5.9,7.34,76,<40,<0.5,1,453
454,514052,"Pourers and casters, metal",514052,5460,24.09,50110,detailed,cross-industry,4.6,86.8,<5,66.7,31.5,26.8,61.8,61.5,86.8,35.8,56.4,22.2,31.6,,,29.2,84.6,7.33,15.4,<10,1.41,94.1,>95,<5,1,454
455,439031,Desktop publishers,439031,5220,27.73,57680,detailed,cross-industry,<0.5,,,<0.5,>99.5,<0.5,>99.5,>99.5,,,,<0.5,85.1,,,,,,,,,,,<0.5,1,455
456,119071,Gambling managers,119071,4590,47.24,98270,detailed,cross-industry,<10,,,5.9,,<5,97.9,96.2,,3.3,,<0.5,,<0.5,3.3,11.6,74.6,6.14,25.4,22.5,,<5,,<5,1,456
457,312012,Occupational therapy aides,312012,4430,20.22,42060,detailed,cross-industry,9.1,>99.5,<20,>99.5,<15,>60,<40,,>99.5,99.4,,,,<0.5,99.4,<10,66.1,5.29,33.9,,2.71,,>80,<0.5,1,457
458,299092,Genetic counselors,299092,3050,47.18,98130,detailed,cross-industry,<0.5,12.1,>95,1.5,>95,,99.2,>99.5,,<0.5,15,<5,85,<0.5,<0.5,1.8,9,0.72,91,1.5,7.29,<5,<5,<0.5,1,458